ID,Exp. Mass,%,Hit,Hit Score,# Perms,Theo. Mass,Da,ppm,Hex,HexNAc,Neu5Ac,Fuc,Oxidation,OffBy+1,OffBy-1,Perm,Perm Score,N52,N78
0-2-0,11812.1652,0.1,0,100.00,2,11812.1706,-0.0053,-0,5,4,0,0,0,1,0,0,67.93,unmodified,A2G2
1-2-0,12102.2695,0.9,0,100.00,2,12102.2660,0.0035,0,5,4,1,0,0,0,0,0,90.87,unmodified,A2S1G1
2-2-0,12102.2769,0.5,0,100.00,2,12102.2660,0.0109,1,5,4,1,0,0,0,0,0,90.87,unmodified,A2S1G1
3-0-0,12108.2476,0.0,NA,NA,NA,NA,NA,NA,NA,NA,NA,NA,NA,NA,NA,NA,NA,NA,NA
4-1-0,12119.2501,0.0,0,100.00,2,12119.2609,-0.0108,-1,5,4,1,0,1,1,0,0,90.87,unmodified,A2S1G1
5-0-0,12136.2881,0.0,NA,NA,NA,NA,NA,NA,NA,NA,NA,NA,NA,NA,NA,NA,NA,NA,NA
6-4-0,12394.3291,0.2,0,100.00,2,12394.3614,-0.0323,-3,5,4,2,0,0,1,0,0,95.19,unmodified,A2S2
7-2-0,12394.3586,2.1,0,100.00,2,12394.3614,-0.0028,-0,5,4,2,0,0,1,0,0,95.19,unmodified,A2S2
8-3-0,12409.3393,0.0,0,100.00,2,12409.3563,-0.0170,-1,5,4,2,0,1,0,0,0,95.19,unmodified,A2S2
9-6-0,12758.4214,0.0,0,100.00,2,12758.4936,-0.0722,-6,6,5,2,0,0,0,0,0,98.13,unmodified,A3S2G1
10-0-0,12952.5658,0.1,NA,NA,NA,NA,NA,NA,NA,NA,NA,NA,NA,NA,NA,NA,NA,NA,NA
11-0-0,12991.5745,0.0,NA,NA,NA,NA,NA,NA,NA,NA,NA,NA,NA,NA,NA,NA,NA,NA,NA
12-0-0,13025.5481,0.0,NA,NA,NA,NA,NA,NA,NA,NA,NA,NA,NA,NA,NA,NA,NA,NA,NA
13-1-0,13027.5912,0.1,0,82.67,2,13027.5935,-0.0022,-0,10,6,0,0,0,0,0,0,58.87,M5,A2G2
13-3-0,13027.5912,0.1,1,12.99,2,13027.5731,0.0182,1,8,6,1,0,2,1,0,0,7.66,A1G1,A1S1
13-1-1,13027.5912,0.1,2,3.48,2,13027.5935,-0.0022,-0,10,6,0,0,0,0,0,0,2.57,M5-A1G1,A1G1
13-1-2,13027.5912,0.1,3,0.86,2,13027.5935,-0.0022,-0,10,6,0,0,0,0,0,0,0.58,M6,A2G1
14-2-0,13049.6127,0.0,0,100.00,2,13049.5890,0.0237,2,6,5,3,0,0,0,0,0,99.61,unmodified,A3S3
15-2-0,13050.5727,0.1,0,100.00,2,13050.5890,-0.0164,-1,6,5,3,0,0,1,0,0,99.61,unmodified,A3S3
16-2-0,13068.6160,0.1,0,100.00,2,13068.6200,-0.0040,-0,9,7,0,0,0,0,0,0,52.79,A1G1,A2G2
17-0-0,13070.6494,0.1,NA,NA,NA,NA,NA,NA,NA,NA,NA,NA,NA,NA,NA,NA,NA,NA,NA
18-6-0,13110.4386,0.1,0,100.00,1,13110.6466,-0.2080,-16,8,8,0,0,0,1,0,0,100.00,A2G1,A2G1
19-0-0,13112.6492,0.1,NA,NA,NA,NA,NA,NA,NA,NA,NA,NA,NA,NA,NA,NA,NA,NA,NA
20-0-0,13118.6065,0.0,NA,NA,NA,NA,NA,NA,NA,NA,NA,NA,NA,NA,NA,NA,NA,NA,NA
21-0-0,13159.6520,0.1,NA,NA,NA,NA,NA,NA,NA,NA,NA,NA,NA,NA,NA,NA,NA,NA,NA
22-0-0,13187.6088,0.0,NA,NA,NA,NA,NA,NA,NA,NA,NA,NA,NA,NA,NA,NA,NA,NA,NA
23-0-0,13194.6561,0.1,NA,NA,NA,NA,NA,NA,NA,NA,NA,NA,NA,NA,NA,NA,NA,NA,NA
24-1-0,13196.6524,0.0,0,100.00,2,13196.6469,0.0054,0,6,5,3,1,0,1,0,0,97.89,unmodified,A3S3F
25-1-0,13230.5567,0.3,0,38.16,2,13230.6524,-0.0957,-7,8,7,1,0,2,1,0,0,19.94,A1S1,A2G1
25-1-1,13230.5567,0.3,1,35.56,2,13230.6524,-0.0957,-7,8,7,1,0,2,1,0,0,28.74,A1G1,A2S1G0
25-3-0,13230.5567,0.3,2,14.49,2,13230.6728,-0.1161,-9,9,7,0,1,1,0,0,0,9.85,A2G2F,A1G1
25-4-0,13230.5567,0.3,3,11.79,2,13230.6728,-0.1161,-9,10,7,0,0,0,0,0,0,9.62,M5-A1G1,A2G1
26-0-0,13232.6509,0.2,NA,NA,NA,NA,NA,NA,NA,NA,NA,NA,NA,NA,NA,NA,NA,NA,NA
27-0-0,13235.6531,0.0,NA,NA,NA,NA,NA,NA,NA,NA,NA,NA,NA,NA,NA,NA,NA,NA,NA
28-0-0,13252.6910,0.0,NA,NA,NA,NA,NA,NA,NA,NA,NA,NA,NA,NA,NA,NA,NA,NA,NA
29-1-0,13263.6036,0.0,0,100.00,2,13263.6627,-0.0590,-4,10,7,0,0,2,1,0,0,81.67,M5-A1G1,A2G1
30-0-0,13265.6749,0.2,NA,NA,NA,NA,NA,NA,NA,NA,NA,NA,NA,NA,NA,NA,NA,NA,NA
31-4-0,13271.6429,1.2,0,100.00,2,13271.6994,-0.0565,-4,9,8,0,0,0,0,0,0,58.45,A2G2,A2G1
32-0-0,13279.6770,0.3,NA,NA,NA,NA,NA,NA,NA,NA,NA,NA,NA,NA,NA,NA,NA,NA,NA
33-0-0,13284.7182,0.1,NA,NA,NA,NA,NA,NA,NA,NA,NA,NA,NA,NA,NA,NA,NA,NA,NA
34-1-0,13288.6660,0.0,0,100.00,2,13288.6943,-0.0283,-2,9,8,0,0,1,1,0,0,58.45,A2G2,A2G1
35-0-0,13289.6889,0.1,NA,NA,NA,NA,NA,NA,NA,NA,NA,NA,NA,NA,NA,NA,NA,NA,NA
36-0-0,13295.6671,0.1,NA,NA,NA,NA,NA,NA,NA,NA,NA,NA,NA,NA,NA,NA,NA,NA,NA
37-0-0,13299.6783,0.1,NA,NA,NA,NA,NA,NA,NA,NA,NA,NA,NA,NA,NA,NA,NA,NA,NA
38-0-0,13307.6888,0.0,NA,NA,NA,NA,NA,NA,NA,NA,NA,NA,NA,NA,NA,NA,NA,NA,NA
39-7-0,13310.7069,0.0,0,77.10,2,13310.6522,0.0547,4,11,5,1,0,2,1,0,0,59.53,M5,M5-A1S1
39-7-1,13310.7069,0.0,1,16.36,2,13310.6522,0.0547,4,11,5,1,0,2,1,0,0,12.64,A1S1,M7
39-6-0,13310.7069,0.0,2,6.54,2,13310.6726,0.0343,3,13,5,0,0,0,0,0,0,6.10,M5-A1G1,M7
40-6-0,13318.7118,1.2,0,95.35,2,13318.6889,0.0229,2,10,6,1,0,0,0,0,0,87.79,M5,A2S1G1
40-6-1,13318.7118,1.2,1,1.86,2,13318.6889,0.0229,2,10,6,1,0,0,0,0,0,1.13,A1G1,M5-A1S1
40-7-0,13318.7118,1.2,2,1.61,1,13318.6685,0.0433,3,8,6,2,0,2,1,0,0,1.61,A1S1,A1S1
40-6-2,13318.7118,1.2,3,0.97,2,13318.6889,0.0229,2,10,6,1,0,0,0,0,0,0.78,M5-A1G1,A1S1
40-6-3,13318.7118,1.2,4,0.21,2,13318.6889,0.0229,2,10,6,1,0,0,0,0,0,0.18,M6,A2S1G0
41-0-0,13321.6721,0.4,NA,NA,NA,NA,NA,NA,NA,NA,NA,NA,NA,NA,NA,NA,NA,NA,NA
42-0-0,13331.7081,0.0,NA,NA,NA,NA,NA,NA,NA,NA,NA,NA,NA,NA,NA,NA,NA,NA,NA
43-7-0,13335.7134,0.1,0,96.84,2,13335.6838,0.0296,2,10,6,1,0,1,1,0,0,89.16,M5,A2S1G1
43-7-1,13335.7134,0.1,1,1.89,2,13335.6838,0.0296,2,10,6,1,0,1,1,0,0,1.14,A1G1,M5-A1S1
43-7-2,13335.7134,0.1,2,0.98,2,13335.6838,0.0296,2,10,6,1,0,1,1,0,0,0.79,M5-A1G1,A1S1
43-7-3,13335.7134,0.1,3,0.21,2,13335.6838,0.0296,2,10,6,1,0,1,1,0,0,0.18,M6,A2S1G0
43-4-0,13335.7134,0.1,4,0.08,2,13335.7042,0.0092,1,11,6,0,1,0,0,0,0,0.05,A2G2F,M6
44-0-0,13340.7121,0.1,NA,NA,NA,NA,NA,NA,NA,NA,NA,NA,NA,NA,NA,NA,NA,NA,NA
45-2-0,13344.6843,0.0,0,100.00,1,13344.7205,-0.0362,-3,8,7,1,1,0,1,0,0,100.00,A2G1,A1S1F
46-0-0,13349.6594,0.0,NA,NA,NA,NA,NA,NA,NA,NA,NA,NA,NA,NA,NA,NA,NA,NA,NA
47-2-0,13352.6929,0.0,0,94.55,2,13352.6991,-0.0062,-0,12,6,0,0,0,1,0,0,76.96,A2G2,M7
47-2-1,13352.6929,0.0,1,3.01,1,13352.6991,-0.0062,-0,12,6,0,0,0,1,0,0,3.01,M5-A1G1,M5-A1G1
47-1-0,13352.6929,0.0,2,2.44,2,13352.6991,-0.0062,-0,11,6,0,1,1,1,0,0,1.52,A2G2F,M6
48-6-0,13359.7561,1.7,0,78.66,2,13359.7154,0.0407,3,9,7,1,0,0,0,0,0,66.08,A1G1,A2S1G1
48-6-1,13359.7561,1.7,1,21.32,2,13359.7154,0.0407,3,9,7,1,0,0,0,0,0,11.99,A2G2,A1S1
48-5-0,13359.7561,1.7,2,0.01,1,13359.7154,0.0407,3,8,7,1,1,1,0,0,0,0.01,A2G1,A1S1F
49-3-0,13367.7057,0.0,0,94.55,2,13367.6940,0.0117,1,12,6,0,0,1,0,0,0,76.96,A2G2,M7
49-3-1,13367.7057,0.0,1,3.01,1,13367.6940,0.0117,1,12,6,0,0,1,0,0,0,3.01,M5-A1G1,M5-A1G1
49-2-0,13367.7057,0.0,2,2.44,2,13367.6940,0.0117,1,11,6,0,1,2,0,0,0,1.52,A2G2F,M6
50-5-0,13375.7342,0.0,0,78.66,2,13375.7103,0.0239,2,9,7,1,0,1,0,0,0,66.08,A1G1,A2S1G1
50-5-1,13375.7342,0.0,1,21.32,2,13375.7103,0.0239,2,9,7,1,0,1,0,0,0,11.99,A2G2,A1S1
50-6-0,13375.7342,0.0,2,0.01,1,13375.7103,0.0239,2,8,7,1,1,2,0,0,0,0.01,A2G1,A1S1F
51-0-0,13378.7361,0.1,NA,NA,NA,NA,NA,NA,NA,NA,NA,NA,NA,NA,NA,NA,NA,NA,NA
52-0-0,13390.7062,0.1,NA,NA,NA,NA,NA,NA,NA,NA,NA,NA,NA,NA,NA,NA,NA,NA,NA
53-0-0,13394.7266,0.1,NA,NA,NA,NA,NA,NA,NA,NA,NA,NA,NA,NA,NA,NA,NA,NA,NA
54-0-0,13398.7207,0.1,NA,NA,NA,NA,NA,NA,NA,NA,NA,NA,NA,NA,NA,NA,NA,NA,NA
55-0-0,13399.7364,0.1,NA,NA,NA,NA,NA,NA,NA,NA,NA,NA,NA,NA,NA,NA,NA,NA,NA
56-3-0,13400.7556,0.1,0,100.00,2,13400.7420,0.0136,1,8,8,1,0,0,0,0,0,72.81,A2G1,A2S1G0
57-0-0,13402.7357,0.1,NA,NA,NA,NA,NA,NA,NA,NA,NA,NA,NA,NA,NA,NA,NA,NA,NA
58-0-0,13405.7256,0.0,NA,NA,NA,NA,NA,NA,NA,NA,NA,NA,NA,NA,NA,NA,NA,NA,NA
59-0-0,13413.7272,0.1,NA,NA,NA,NA,NA,NA,NA,NA,NA,NA,NA,NA,NA,NA,NA,NA,NA
60-0-0,13415.6314,0.0,NA,NA,NA,NA,NA,NA,NA,NA,NA,NA,NA,NA,NA,NA,NA,NA,NA
61-1-0,13416.7358,0.0,0,100.00,2,13416.7369,-0.0011,-0,8,8,1,0,1,0,0,0,72.81,A2G1,A2S1G0
62-0-0,13420.7495,0.1,NA,NA,NA,NA,NA,NA,NA,NA,NA,NA,NA,NA,NA,NA,NA,NA,NA
63-2-0,13424.7298,0.0,0,90.48,2,13424.7155,0.0143,1,11,7,0,0,2,0,0,0,68.77,M5-A1G1,A2G2
63-2-1,13424.7298,0.0,1,9.51,2,13424.7155,0.0143,1,11,7,0,0,2,0,0,0,8.51,M5,A3G3
63-1-0,13424.7298,0.0,2,0.01,1,13424.7202,0.0096,1,11,5,1,1,0,1,0,0,0.01,M7,A1S1F
64-2-0,13433.7524,5.0,0,97.61,1,13433.7522,0.0002,0,10,8,0,0,0,0,0,0,97.61,A2G2,A2G2
64-5-0,13433.7524,5.0,1,1.09,2,13433.7318,0.0206,2,8,8,1,0,2,1,0,0,0.79,A2G1,A2S1G0
64-2-1,13433.7524,5.0,2,0.74,2,13433.7522,0.0002,0,10,8,0,0,0,0,0,0,0.59,A1G1,A3G3
64-1-0,13433.7524,5.0,3,0.56,2,13433.7522,0.0002,0,9,8,0,1,1,0,0,0,0.43,A2G2F,A2G1
65-6-0,13439.7434,0.1,0,99.32,2,13439.7151,0.0282,2,12,5,1,0,0,0,0,0,66.02,M6,M5-A1S1
65-5-0,13439.7434,0.1,1,0.68,1,13439.7151,0.0282,2,11,5,1,1,1,0,0,0,0.68,M7,A1S1F
66-6-0,13440.7404,0.4,0,99.32,2,13440.7151,0.0253,2,12,5,1,0,0,1,0,0,66.02,M6,M5-A1S1
66-5-0,13440.7404,0.4,1,0.68,1,13440.7151,0.0253,2,11,5,1,1,1,1,0,0,0.68,M7,A1S1F
67-5-0,13448.7775,0.2,0,100.00,1,13448.7315,0.0460,3,8,6,2,1,1,1,0,0,100.00,A1S1,A1S1F
68-6-0,13449.7721,0.7,0,98.69,1,13449.7471,0.0249,2,10,8,0,0,1,0,0,0,98.69,A2G2,A2G2
68-6-1,13449.7721,0.7,1,0.75,2,13449.7471,0.0249,2,10,8,0,0,1,0,0,0,0.60,A1G1,A3G3
68-5-0,13449.7721,0.7,2,0.56,2,13449.7471,0.0249,2,9,8,0,1,2,0,0,0,0.43,A2G2F,A2G1
69-7-0,13456.7764,0.2,0,99.32,2,13456.7101,0.0663,5,12,5,1,0,1,1,0,0,66.02,M6,M5-A1S1
69-6-0,13456.7764,0.2,1,0.68,1,13456.7101,0.0663,5,11,5,1,1,2,1,0,0,0.68,M7,A1S1F
70-0-0,13458.7438,0.2,NA,NA,NA,NA,NA,NA,NA,NA,NA,NA,NA,NA,NA,NA,NA,NA,NA
71-3-0,13464.7340,0.1,0,96.69,2,13464.7468,-0.0128,-1,10,6,1,1,0,0,0,0,71.43,M5,A2S1G1F
71-0-0,13464.7340,0.1,1,2.23,1,13464.7264,0.0076,1,8,6,2,1,2,1,0,0,2.23,A1S1,A1S1F
71-3-1,13464.7340,0.1,2,1.08,1,13464.7468,-0.0128,-1,10,6,1,1,0,0,0,0,1.08,M5-A1G1,A1S1F
72-0-0,13465.7382,0.1,0,98.63,1,13465.7420,-0.0038,-0,10,8,0,0,2,0,0,0,98.63,A2G2,A2G2
72-0-1,13465.7382,0.1,1,0.75,2,13465.7420,-0.0038,-0,10,8,0,0,2,0,0,0,0.60,A1G1,A3G3
72-2-0,13465.7382,0.1,2,0.61,2,13465.7468,-0.0086,-1,10,6,1,1,0,1,0,0,0.45,M5,A2S1G1F
72-2-1,13465.7382,0.1,3,0.01,1,13465.7468,-0.0086,-1,10,6,1,1,0,1,0,0,0.01,M5-A1G1,A1S1F
73-9-0,13472.7956,0.1,0,100.00,2,13472.7050,0.0906,7,12,5,1,0,2,1,0,0,66.47,M6,M5-A1S1
74-0-0,13473.7327,0.1,NA,NA,NA,NA,NA,NA,NA,NA,NA,NA,NA,NA,NA,NA,NA,NA,NA
75-0-0,13478.7380,0.0,NA,NA,NA,NA,NA,NA,NA,NA,NA,NA,NA,NA,NA,NA,NA,NA,NA
76-1-0,13481.7408,0.7,0,88.59,2,13481.7417,-0.0009,-0,11,6,1,0,0,1,0,0,77.23,M6,A2S1G1
76-2-0,13481.7408,0.7,1,10.10,2,13481.7417,-0.0009,-0,10,6,1,1,1,1,0,0,7.46,M5,A2S1G1F
76-1-1,13481.7408,0.7,2,1.19,2,13481.7417,-0.0009,-0,11,6,1,0,0,1,0,0,0.64,A2S1G0,M7
76-2-1,13481.7408,0.7,3,0.11,1,13481.7417,-0.0009,-0,10,6,1,1,1,1,0,0,0.11,M5-A1G1,A1S1F
77-4-0,13489.7181,0.1,0,100.00,2,13489.7580,-0.0399,-3,8,7,2,0,0,1,0,0,74.57,A1S1,A2S1G0
78-0-0,13490.7385,0.1,NA,NA,NA,NA,NA,NA,NA,NA,NA,NA,NA,NA,NA,NA,NA,NA,NA
79-0-0,13493.7856,0.0,NA,NA,NA,NA,NA,NA,NA,NA,NA,NA,NA,NA,NA,NA,NA,NA,NA
80-1-0,13496.7322,0.0,0,88.59,2,13496.7366,-0.0044,-0,11,6,1,0,1,0,0,0,77.23,M6,A2S1G1
80-0-0,13496.7322,0.0,1,10.10,2,13496.7366,-0.0044,-0,10,6,1,1,2,0,0,0,7.46,M5,A2S1G1F
80-1-1,13496.7322,0.0,2,1.19,2,13496.7366,-0.0044,-0,11,6,1,0,1,0,0,0,0.64,A2S1G0,M7
80-0-1,13496.7322,0.0,3,0.11,1,13496.7366,-0.0044,-0,10,6,1,1,2,0,0,0,0.11,M5-A1G1,A1S1F
81-1-0,13498.7245,0.1,0,100.00,2,13498.7570,-0.0325,-2,12,6,0,1,0,1,0,0,91.20,A2G2F,M7
82-1-0,13498.7576,0.1,0,100.00,2,13498.7570,0.0006,0,12,6,0,1,0,1,0,0,91.20,A2G2F,M7
83-0-0,13502.6824,0.1,NA,NA,NA,NA,NA,NA,NA,NA,NA,NA,NA,NA,NA,NA,NA,NA,NA
84-4-0,13504.7262,0.0,0,100.00,2,13504.7529,-0.0268,-2,8,7,2,0,1,0,0,0,74.57,A1S1,A2S1G0
85-0-0,13508.7027,0.1,NA,NA,NA,NA,NA,NA,NA,NA,NA,NA,NA,NA,NA,NA,NA,NA,NA
86-0-0,13511.7188,0.1,NA,NA,NA,NA,NA,NA,NA,NA,NA,NA,NA,NA,NA,NA,NA,NA,NA
87-5-0,13521.7737,3.0,0,28.86,2,13521.7478,0.0258,2,8,7,2,0,2,1,0,0,21.52,A1S1,A2S1G0
87-1-0,13521.7737,3.0,1,22.59,2,13521.7682,0.0054,0,9,7,1,1,1,0,0,0,12.68,A1G1,A2S1G1F
87-2-0,13521.7737,3.0,2,19.30,2,13521.7682,0.0054,0,10,7,1,0,0,0,0,0,9.78,M5-A1S1,A2G1
87-1-1,13521.7737,3.0,3,14.07,2,13521.7682,0.0054,0,9,7,1,1,1,0,0,0,10.59,A2G2F,A1S1
87-2-1,13521.7737,3.0,4,11.26,2,13521.7682,0.0054,0,10,7,1,0,0,0,0,0,10.39,M5-A1G1,A2S1G0
87-1-2,13521.7737,3.0,5,3.91,1,13521.7682,0.0054,0,9,7,1,1,1,0,0,0,3.91,A2G2,A1S1F
88-0-0,13528.7566,0.1,NA,NA,NA,NA,NA,NA,NA,NA,NA,NA,NA,NA,NA,NA,NA,NA,NA
89-2-0,13529.7612,0.2,0,100.00,2,13529.7468,0.0143,1,12,6,0,1,2,0,0,0,91.20,A2G2F,M7
90-0-0,13530.7442,0.1,0,100.00,2,13530.7468,-0.0026,-0,12,6,0,1,2,1,0,0,91.20,A2G2F,M7
91-0-0,13536.7566,0.1,NA,NA,NA,NA,NA,NA,NA,NA,NA,NA,NA,NA,NA,NA,NA,NA,NA
92-5-0,13537.8038,0.1,0,31.76,2,13537.7632,0.0406,3,9,7,1,1,2,0,0,0,17.82,A1G1,A2S1G1F
92-6-0,13537.8038,0.1,1,27.14,2,13537.7632,0.0406,3,10,7,1,0,1,0,0,0,13.75,M5-A1S1,A2G1
92-5-1,13537.8038,0.1,2,19.78,2,13537.7632,0.0406,3,9,7,1,1,2,0,0,0,14.89,A2G2F,A1S1
92-6-1,13537.8038,0.1,3,15.83,2,13537.7632,0.0406,3,10,7,1,0,1,0,0,0,14.60,M5-A1G1,A2S1G0
92-5-2,13537.8038,0.1,4,5.49,1,13537.7632,0.0406,3,9,7,1,1,2,0,0,0,5.49,A2G2,A1S1F
93-0-0,13540.7853,0.1,NA,NA,NA,NA,NA,NA,NA,NA,NA,NA,NA,NA,NA,NA,NA,NA,NA
94-0-0,13542.7473,0.3,NA,NA,NA,NA,NA,NA,NA,NA,NA,NA,NA,NA,NA,NA,NA,NA,NA
95-0-0,13545.7899,0.1,NA,NA,NA,NA,NA,NA,NA,NA,NA,NA,NA,NA,NA,NA,NA,NA,NA
96-0-0,13546.7540,0.0,NA,NA,NA,NA,NA,NA,NA,NA,NA,NA,NA,NA,NA,NA,NA,NA,NA
97-5-0,13554.7803,0.6,0,55.43,2,13554.7581,0.0222,2,10,7,1,0,2,1,0,0,28.08,M5-A1S1,A2G1
97-5-1,13554.7803,0.6,1,32.33,2,13554.7581,0.0222,2,10,7,1,0,2,1,0,0,29.82,M5-A1G1,A2S1G0
97-0-0,13554.7803,0.6,2,8.43,2,13554.7785,0.0018,0,11,7,0,1,1,0,0,0,4.82,M5-A1G1,A2G2F
97-1-0,13554.7803,0.6,3,3.82,2,13554.7785,0.0018,0,12,7,0,0,0,0,0,0,3.18,M6,A3G3
98-1-0,13555.7692,0.5,0,68.84,2,13555.7785,-0.0093,-1,11,7,0,1,1,1,0,0,39.39,M5-A1G1,A2G2F
98-2-0,13555.7692,0.5,1,31.16,2,13555.7785,-0.0093,-1,12,7,0,0,0,1,0,0,25.95,M6,A3G3
99-1-0,13560.7858,3.8,0,100.00,1,13560.7791,0.0066,0,7,6,3,1,0,0,0,0,100.00,A3S3F+LacN1,unmodified
100-0-0,13567.7741,0.4,NA,NA,NA,NA,NA,NA,NA,NA,NA,NA,NA,NA,NA,NA,NA,NA,NA
101-0-0,13571.7406,0.2,0,68.84,2,13571.7734,-0.0328,-2,11,7,0,1,2,1,0,0,39.39,M5-A1G1,A2G2F
101-1-0,13571.7406,0.2,1,31.16,2,13571.7734,-0.0328,-2,12,7,0,0,1,1,0,0,25.95,M6,A3G3
102-0-0,13575.7623,0.0,NA,NA,NA,NA,NA,NA,NA,NA,NA,NA,NA,NA,NA,NA,NA,NA,NA
103-3-0,13579.8024,0.7,0,71.49,2,13579.7897,0.0127,1,9,8,1,0,1,1,0,0,55.01,A2G1,A2S1G1
103-3-1,13579.8024,0.7,1,19.93,2,13579.7897,0.0127,1,9,8,1,0,1,1,0,0,15.75,A2G2,A2S1G0
103-1-0,13579.8024,0.7,2,8.58,2,13579.8101,-0.0077,-1,10,8,0,1,0,0,0,0,6.03,A2G2F,A2G2
104-0-0,13587.7697,0.3,0,100.00,2,13587.7683,0.0014,0,12,7,0,0,2,1,0,0,83.29,M6,A3G3
105-3-0,13595.8013,0.5,0,71.49,2,13595.7846,0.0167,1,9,8,1,0,2,1,0,0,55.01,A2G1,A2S1G1
105-3-1,13595.8013,0.5,1,19.93,2,13595.7846,0.0167,1,9,8,1,0,2,1,0,0,15.75,A2G2,A2S1G0
105-1-0,13595.8013,0.5,2,8.58,2,13595.8050,-0.0037,-0,10,8,0,1,1,0,0,0,6.03,A2G2F,A2G2
106-0-0,13600.7868,0.0,NA,NA,NA,NA,NA,NA,NA,NA,NA,NA,NA,NA,NA,NA,NA,NA,NA
107-2-0,13601.7581,0.0,0,100.00,2,13601.7680,-0.0099,-1,13,5,1,0,0,0,0,0,76.16,M5-A1S1,M7
108-2-0,13609.7919,1.9,0,98.27,2,13609.7843,0.0076,1,10,6,2,0,0,0,0,0,94.19,M5,A2S2
108-2-1,13609.7919,1.9,1,1.73,2,13609.7843,0.0076,1,10,6,2,0,0,0,0,0,0.89,A1S1,M5-A1S1
109-0-0,13615.7775,0.1,NA,NA,NA,NA,NA,NA,NA,NA,NA,NA,NA,NA,NA,NA,NA,NA,NA
110-7-0,13617.8023,0.1,0,100.00,2,13617.7629,0.0394,3,13,5,1,0,1,0,0,0,76.16,M5-A1S1,M7
111-0-0,13623.8010,0.3,NA,NA,NA,NA,NA,NA,NA,NA,NA,NA,NA,NA,NA,NA,NA,NA,NA
112-7-0,13633.8032,0.6,0,100.00,2,13633.7578,0.0454,3,13,5,1,0,2,0,0,0,76.16,M5-A1S1,M7
113-3-0,13636.7884,0.0,0,100.00,2,13636.8316,-0.0432,-3,10,9,0,0,0,0,0,0,71.01,A2G1,A3G3
114-7-0,13642.8323,0.7,0,92.27,2,13642.7741,0.0582,4,10,6,2,0,2,1,0,0,88.44,M5,A2S2
114-6-0,13642.8323,0.7,1,5.49,2,13642.7945,0.0378,3,12,6,1,0,0,0,0,0,2.84,M7,A2S1G1
114-7-1,13642.8323,0.7,2,1.62,2,13642.7741,0.0582,4,10,6,2,0,2,1,0,0,0.84,A1S1,M5-A1S1
114-6-1,13642.8323,0.7,3,0.50,2,13642.7945,0.0378,3,12,6,1,0,0,0,0,0,0.40,M5-A1G1,M5-A1S1
114-5-0,13642.8323,0.7,4,0.12,2,13642.7945,0.0378,3,11,6,1,1,1,0,0,0,0.08,M6,A2S1G1F
115-2-0,13650.8072,3.7,0,53.84,2,13650.8108,-0.0036,-0,9,7,2,0,0,0,0,0,49.13,A1G1,A2S2
115-2-1,13650.8072,3.7,1,46.16,2,13650.8108,-0.0036,-0,9,7,2,0,0,0,0,0,36.24,A1S1,A2S1G1
115-1-0,13650.8072,3.7,2,0.00,1,13650.8108,-0.0036,-0,8,7,2,1,1,0,0,0,0.00,A2S1G0,A1S1F
116-3-0,13658.7997,0.5,0,89.84,2,13658.7894,0.0102,1,12,6,1,0,1,0,0,0,46.51,M7,A2S1G1
116-3-1,13658.7997,0.5,1,8.14,2,13658.7894,0.0102,1,12,6,1,0,1,0,0,0,6.61,M5-A1G1,M5-A1S1
116-2-0,13658.7997,0.5,2,2.02,2,13658.7894,0.0102,1,11,6,1,1,2,0,0,0,1.26,M6,A2S1G1F
117-2-0,13666.7814,0.1,0,53.84,2,13666.8058,-0.0244,-2,9,7,2,0,1,0,0,0,49.13,A1G1,A2S2
117-2-1,13666.7814,0.1,1,46.16,2,13666.8058,-0.0244,-2,9,7,2,0,1,0,0,0,36.24,A1S1,A2S1G1
117-1-0,13666.7814,0.1,2,0.00,1,13666.8058,-0.0244,-2,8,7,2,1,2,0,0,0,0.00,A2S1G0,A1S1F
118-6-0,13667.8392,0.4,0,53.84,2,13667.8058,0.0334,2,9,7,2,0,1,1,0,0,49.13,A1G1,A2S2
118-6-1,13667.8392,0.4,1,46.15,2,13667.8058,0.0334,2,9,7,2,0,1,1,0,0,36.24,A1S1,A2S1G1
118-3-0,13667.8392,0.4,2,0.01,1,13667.8262,0.0130,1,9,7,1,2,1,0,0,0,0.01,A2G2F,A1S1F
118-7-0,13667.8392,0.4,3,0.00,1,13667.8058,0.0334,2,8,7,2,1,2,1,0,0,0.00,A2S1G0,A1S1F
119-0-0,13673.7734,0.2,NA,NA,NA,NA,NA,NA,NA,NA,NA,NA,NA,NA,NA,NA,NA,NA,NA
120-0-0,13676.7396,0.3,NA,NA,NA,NA,NA,NA,NA,NA,NA,NA,NA,NA,NA,NA,NA,NA,NA
121-5-0,13683.8203,1.8,0,41.85,2,13683.8007,0.0197,1,9,7,2,0,2,1,0,0,38.19,A1G1,A2S2
121-5-1,13683.8203,1.8,1,35.88,2,13683.8007,0.0197,1,9,7,2,0,2,1,0,0,28.17,A1S1,A2S1G1
121-2-0,13683.8203,1.8,2,14.51,2,13683.8211,-0.0007,-0,11,7,1,0,0,0,0,0,13.60,M5-A1G1,A2S1G1
121-2-1,13683.8203,1.8,3,6.17,2,13683.8211,-0.0007,-0,11,7,1,0,0,0,0,0,3.57,A2G2,M5-A1S1
121-2-2,13683.8203,1.8,4,1.58,2,13683.8211,-0.0007,-0,11,7,1,0,0,0,0,0,1.53,M5,A3S1G2
121-0-0,13683.8203,1.8,5,0.00,1,13683.8211,-0.0007,-0,9,7,1,2,2,0,0,0,0.00,A2G2F,A1S1F
122-4-0,13692.7911,0.1,0,100.00,1,13692.8374,-0.0463,-3,8,8,2,0,0,1,0,0,100.00,A2S1G0,A2S1G0
123-0-0,13694.8223,0.6,NA,NA,NA,NA,NA,NA,NA,NA,NA,NA,NA,NA,NA,NA,NA,NA,NA
124-0-0,13701.8210,0.1,NA,NA,NA,NA,NA,NA,NA,NA,NA,NA,NA,NA,NA,NA,NA,NA,NA
125-0-0,13703.8434,0.4,NA,NA,NA,NA,NA,NA,NA,NA,NA,NA,NA,NA,NA,NA,NA,NA,NA
126-4-0,13708.8211,0.2,0,48.38,2,13708.8527,-0.0316,-2,9,8,1,1,0,0,0,0,26.69,A2S1G1F,A2G1
126-4-1,13708.8211,0.2,1,31.80,2,13708.8527,-0.0316,-2,9,8,1,1,0,0,0,0,28.60,A2G2F,A2S1G0
126-1-0,13708.8211,0.2,2,19.82,1,13708.8323,-0.0112,-1,8,8,2,0,1,1,0,0,19.82,A2S1G0,A2S1G0
127-0-0,13710.8441,0.8,NA,NA,NA,NA,NA,NA,NA,NA,NA,NA,NA,NA,NA,NA,NA,NA,NA
128-6-0,13725.8711,36.4,0,99.20,2,13725.8476,0.0235,2,10,8,1,0,0,1,0,0,81.79,A2G2,A2S1G1
128-6-1,13725.8711,36.4,1,0.49,2,13725.8476,0.0235,2,10,8,1,0,0,1,0,0,0.45,A1G1,A3S1G2
128-5-0,13725.8711,36.4,2,0.12,2,13725.8476,0.0235,2,9,8,1,1,1,1,0,0,0.07,A2S1G1F,A2G1
128-6-2,13725.8711,36.4,3,0.10,2,13725.8476,0.0235,2,10,8,1,0,0,1,0,0,0.07,A1S1,A3G3
128-5-1,13725.8711,36.4,4,0.08,2,13725.8476,0.0235,2,9,8,1,1,1,1,0,0,0.07,A2G2F,A2S1G0
128-0-0,13725.8711,36.4,5,0.01,1,13725.8680,0.0031,0,10,8,0,2,0,0,0,0,0.01,A2G2F,A2G2F
129-1-0,13740.8232,1.9,0,99.21,2,13740.8425,-0.0193,-1,10,8,1,0,1,0,0,0,81.80,A2G2,A2S1G1
129-1-1,13740.8232,1.9,1,0.49,2,13740.8425,-0.0193,-1,10,8,1,0,1,0,0,0,0.45,A1G1,A3S1G2
129-0-0,13740.8232,1.9,2,0.12,2,13740.8425,-0.0193,-1,9,8,1,1,2,0,0,0,0.07,A2S1G1F,A2G1
129-1-2,13740.8232,1.9,3,0.10,2,13740.8425,-0.0193,-1,10,8,1,0,1,0,0,0,0.07,A1S1,A3G3
129-0-1,13740.8232,1.9,4,0.08,2,13740.8425,-0.0193,-1,9,8,1,1,2,0,0,0,0.07,A2G2F,A2S1G0
130-1-0,13740.8414,1.9,0,99.21,2,13740.8425,-0.0012,-0,10,8,1,0,1,0,0,0,81.80,A2G2,A2S1G1
130-1-1,13740.8414,1.9,1,0.49,2,13740.8425,-0.0012,-0,10,8,1,0,1,0,0,0,0.45,A1G1,A3S1G2
130-0-0,13740.8414,1.9,2,0.12,2,13740.8425,-0.0012,-0,9,8,1,1,2,0,0,0,0.07,A2S1G1F,A2G1
130-1-2,13740.8414,1.9,3,0.10,2,13740.8425,-0.0012,-0,10,8,1,0,1,0,0,0,0.07,A1S1,A3G3
130-0-1,13740.8414,1.9,4,0.08,2,13740.8425,-0.0012,-0,9,8,1,1,2,0,0,0,0.07,A2G2F,A2S1G0
131-0-0,13747.8615,3.0,NA,NA,NA,NA,NA,NA,NA,NA,NA,NA,NA,NA,NA,NA,NA,NA,NA
132-0-0,13749.8295,0.5,0,100.00,2,13749.8211,0.0084,1,13,7,0,0,2,1,0,0,55.95,A3G3,M7
133-3-0,13757.8509,1.1,0,99.37,2,13757.8375,0.0135,1,10,8,1,0,2,1,0,0,81.93,A2G2,A2S1G1
133-3-1,13757.8509,1.1,1,0.49,2,13757.8375,0.0135,1,10,8,1,0,2,1,0,0,0.45,A1G1,A3S1G2
133-3-2,13757.8509,1.1,2,0.10,2,13757.8375,0.0135,1,10,8,1,0,2,1,0,0,0.07,A1S1,A3G3
133-2-0,13757.8509,1.1,3,0.04,2,13757.8579,-0.0069,-1,12,8,0,0,0,0,0,0,0.03,M5-A1G1,A3G3
133-0-0,13757.8509,1.1,4,0.01,1,13757.8579,-0.0069,-1,10,8,0,2,2,0,0,0,0.01,A2G2F,A2G2F
134-0-0,13759.8278,1.4,NA,NA,NA,NA,NA,NA,NA,NA,NA,NA,NA,NA,NA,NA,NA,NA,NA
135-0-0,13765.8246,0.4,NA,NA,NA,NA,NA,NA,NA,NA,NA,NA,NA,NA,NA,NA,NA,NA,NA
136-0-0,13766.8313,0.2,NA,NA,NA,NA,NA,NA,NA,NA,NA,NA,NA,NA,NA,NA,NA,NA,NA
137-0-0,13768.8542,0.8,NA,NA,NA,NA,NA,NA,NA,NA,NA,NA,NA,NA,NA,NA,NA,NA,NA
138-2-0,13772.8470,1.3,0,88.42,2,13772.8371,0.0099,1,11,6,2,0,0,1,0,0,82.32,M6,A2S2
138-1-0,13772.8470,1.3,1,11.46,2,13772.8371,0.0099,1,10,6,2,1,1,1,0,0,9.98,M5,A2S2F
138-1-1,13772.8470,1.3,2,0.12,1,13772.8371,0.0099,1,10,6,2,1,1,1,0,0,0.12,M5-A1S1,A1S1F
139-0-0,13779.7956,0.5,NA,NA,NA,NA,NA,NA,NA,NA,NA,NA,NA,NA,NA,NA,NA,NA,NA
140-0-0,13780.8136,0.2,NA,NA,NA,NA,NA,NA,NA,NA,NA,NA,NA,NA,NA,NA,NA,NA,NA
141-0-0,13781.8005,0.1,NA,NA,NA,NA,NA,NA,NA,NA,NA,NA,NA,NA,NA,NA,NA,NA,NA
142-0-0,13785.8200,0.4,NA,NA,NA,NA,NA,NA,NA,NA,NA,NA,NA,NA,NA,NA,NA,NA,NA
143-1-0,13787.8254,0.1,0,88.42,2,13787.8320,-0.0067,-0,11,6,2,0,1,0,0,0,82.32,M6,A2S2
143-0-0,13787.8254,0.1,1,11.46,2,13787.8320,-0.0067,-0,10,6,2,1,2,0,0,0,9.98,M5,A2S2F
143-0-1,13787.8254,0.1,2,0.12,1,13787.8320,-0.0067,-0,10,6,2,1,2,0,0,0,0.12,M5-A1S1,A1S1F
144-1-0,13788.8102,0.4,0,87.34,2,13788.8320,-0.0218,-2,11,6,2,0,1,1,0,0,81.32,M6,A2S2
144-0-0,13788.8102,0.4,1,11.32,2,13788.8320,-0.0218,-2,10,6,2,1,2,1,0,0,9.85,M5,A2S2F
144-2-0,13788.8102,0.4,2,1.22,2,13788.8524,-0.0422,-3,12,6,1,1,0,0,0,0,0.97,A2S1G1F,M7
144-0-1,13788.8102,0.4,3,0.12,1,13788.8320,-0.0218,-2,10,6,2,1,2,1,0,0,0.12,M5-A1S1,A1S1F
145-1-0,13788.8132,0.0,0,87.34,2,13788.8320,-0.0188,-1,11,6,2,0,1,1,0,0,81.32,M6,A2S2
145-0-0,13788.8132,0.0,1,11.32,2,13788.8320,-0.0188,-1,10,6,2,1,2,1,0,0,9.85,M5,A2S2F
145-2-0,13788.8132,0.0,2,1.22,2,13788.8524,-0.0392,-3,12,6,1,1,0,0,0,0,0.97,A2S1G1F,M7
145-0-1,13788.8132,0.0,3,0.12,1,13788.8320,-0.0188,-1,10,6,2,1,2,1,0,0,0.12,M5-A1S1,A1S1F
146-0-0,13789.8235,0.1,0,76.81,2,13789.8477,-0.0241,-2,12,8,0,0,2,0,0,0,70.36,M5-A1G1,A3G3
146-1-0,13789.8235,0.1,1,23.19,2,13789.8524,-0.0289,-2,12,6,1,1,0,1,0,0,18.39,A2S1G1F,M7
147-0-0,13795.8535,0.2,NA,NA,NA,NA,NA,NA,NA,NA,NA,NA,NA,NA,NA,NA,NA,NA,NA
148-5-0,13796.8174,0.2,0,46.63,2,13796.8688,-0.0514,-4,9,7,2,1,0,0,0,0,35.06,A1G1,A2S2F
148-5-1,13796.8174,0.2,1,43.79,2,13796.8688,-0.0514,-4,9,7,2,1,0,0,0,0,23.17,A2S1G1F,A1S1
148-5-2,13796.8174,0.2,2,9.58,1,13796.8688,-0.0514,-4,9,7,2,1,0,0,0,0,9.58,A2S1G1,A1S1F
149-5-0,13796.8177,0.0,0,46.63,2,13796.8688,-0.0511,-4,9,7,2,1,0,0,0,0,35.06,A1G1,A2S2F
149-5-1,13796.8177,0.0,1,43.79,2,13796.8688,-0.0511,-4,9,7,2,1,0,0,0,0,23.17,A2S1G1F,A1S1
149-5-2,13796.8177,0.0,2,9.58,1,13796.8688,-0.0511,-4,9,7,2,1,0,0,0,0,9.58,A2S1G1,A1S1F
150-5-0,13796.8333,0.5,0,46.63,2,13796.8688,-0.0354,-3,9,7,2,1,0,0,0,0,35.06,A1G1,A2S2F
150-5-1,13796.8333,0.5,1,43.79,2,13796.8688,-0.0354,-3,9,7,2,1,0,0,0,0,23.17,A2S1G1F,A1S1
150-5-2,13796.8333,0.5,2,9.58,1,13796.8688,-0.0354,-3,9,7,2,1,0,0,0,0,9.58,A2S1G1,A1S1F
151-5-0,13803.8589,0.8,0,100.00,2,13803.8269,0.0319,2,11,6,2,0,2,0,0,0,93.11,M6,A2S2
152-2-0,13812.8487,7.8,0,35.52,2,13812.8637,-0.0150,-1,9,7,2,1,1,0,0,0,26.71,A1G1,A2S2F
152-2-1,13812.8487,7.8,1,33.36,2,13812.8637,-0.0150,-1,9,7,2,1,1,0,0,0,17.65,A2S1G1F,A1S1
152-3-0,13812.8487,7.8,2,23.81,2,13812.8637,-0.0150,-1,10,7,2,0,0,0,0,0,17.46,M5-A1S1,A2S1G0
152-2-2,13812.8487,7.8,3,7.30,1,13812.8637,-0.0150,-1,9,7,2,1,1,0,0,0,7.30,A2S1G1,A1S1F
153-0-0,13819.8471,0.4,NA,NA,NA,NA,NA,NA,NA,NA,NA,NA,NA,NA,NA,NA,NA,NA,NA
154-0-0,13824.8427,0.3,NA,NA,NA,NA,NA,NA,NA,NA,NA,NA,NA,NA,NA,NA,NA,NA,NA
155-0-0,13827.8854,0.7,NA,NA,NA,NA,NA,NA,NA,NA,NA,NA,NA,NA,NA,NA,NA,NA,NA
156-0-0,13832.8603,0.4,NA,NA,NA,NA,NA,NA,NA,NA,NA,NA,NA,NA,NA,NA,NA,NA,NA
157-0-0,13834.8465,0.1,NA,NA,NA,NA,NA,NA,NA,NA,NA,NA,NA,NA,NA,NA,NA,NA,NA
158-0-0,13834.8579,0.7,NA,NA,NA,NA,NA,NA,NA,NA,NA,NA,NA,NA,NA,NA,NA,NA,NA
159-0-0,13836.8347,0.1,NA,NA,NA,NA,NA,NA,NA,NA,NA,NA,NA,NA,NA,NA,NA,NA,NA
160-0-0,13842.8556,0.9,NA,NA,NA,NA,NA,NA,NA,NA,NA,NA,NA,NA,NA,NA,NA,NA,NA
161-5-0,13844.8909,0.5,0,100.00,2,13844.8535,0.0374,3,10,7,2,0,2,0,0,0,73.33,M5-A1S1,A2S1G0
162-0-0,13849.8720,6.9,NA,NA,NA,NA,NA,NA,NA,NA,NA,NA,NA,NA,NA,NA,NA,NA,NA
163-0-0,13856.8581,0.0,NA,NA,NA,NA,NA,NA,NA,NA,NA,NA,NA,NA,NA,NA,NA,NA,NA
164-0-0,13857.8614,1.5,NA,NA,NA,NA,NA,NA,NA,NA,NA,NA,NA,NA,NA,NA,NA,NA,NA
165-1-0,13869.8717,1.9,0,61.67,2,13869.8851,-0.0134,-1,9,8,2,0,1,0,0,0,53.59,A2G1,A2S2
165-1-1,13869.8717,1.9,1,38.33,2,13869.8851,-0.0134,-1,9,8,2,0,1,0,0,0,21.27,A2S1G0,A2S1G1
166-0-0,13877.8515,0.6,0,100.00,2,13877.8637,-0.0123,-1,12,7,1,0,2,0,0,0,94.14,M6,A3S1G2
167-0-0,13881.8988,0.1,NA,NA,NA,NA,NA,NA,NA,NA,NA,NA,NA,NA,NA,NA,NA,NA,NA
168-0-0,13886.8694,1.4,0,42.23,2,13886.8800,-0.0106,-1,9,8,2,0,2,1,0,0,36.70,A2G1,A2S2
168-0-1,13886.8694,1.4,1,26.25,2,13886.8800,-0.0106,-1,9,8,2,0,2,1,0,0,14.57,A2S1G0,A2S1G1
168-2-0,13886.8694,1.4,2,22.91,2,13886.9004,-0.0310,-2,10,8,1,1,1,0,0,0,21.02,A2G2F,A2S1G1
168-2-1,13886.8694,1.4,3,8.56,2,13886.9004,-0.0310,-2,10,8,1,1,1,0,0,0,4.56,A2G2,A2S1G1F
168-2-2,13886.8694,1.4,4,0.04,1,13886.9004,-0.0310,-2,10,8,1,1,1,0,0,0,0.04,A3S1G2F,A1G1
168-2-3,13886.8694,1.4,5,0.00,1,13886.9004,-0.0310,-2,10,8,1,1,1,0,0,0,0.00,A3G3,A1S1F
169-0-0,13893.8635,0.1,NA,NA,NA,NA,NA,NA,NA,NA,NA,NA,NA,NA,NA,NA,NA,NA,NA
170-0-0,13893.8673,0.0,NA,NA,NA,NA,NA,NA,NA,NA,NA,NA,NA,NA,NA,NA,NA,NA,NA
171-0-0,13899.9116,0.6,NA,NA,NA,NA,NA,NA,NA,NA,NA,NA,NA,NA,NA,NA,NA,NA,NA
172-0-0,13907.8558,1.6,NA,NA,NA,NA,NA,NA,NA,NA,NA,NA,NA,NA,NA,NA,NA,NA,NA
173-0-0,13914.8654,0.1,NA,NA,NA,NA,NA,NA,NA,NA,NA,NA,NA,NA,NA,NA,NA,NA,NA
174-0-0,13920.9219,0.6,NA,NA,NA,NA,NA,NA,NA,NA,NA,NA,NA,NA,NA,NA,NA,NA,NA
175-0-0,13922.8558,0.0,NA,NA,NA,NA,NA,NA,NA,NA,NA,NA,NA,NA,NA,NA,NA,NA,NA
176-1-0,13928.9017,1.8,0,86.55,2,13928.9270,-0.0253,-2,10,9,1,0,0,1,0,0,76.82,A2G1,A3S1G2
176-1-1,13928.9017,1.8,1,13.45,2,13928.9270,-0.0253,-2,10,9,1,0,0,1,0,0,7.03,A3G3,A2S1G0
177-0-0,13936.9098,0.2,NA,NA,NA,NA,NA,NA,NA,NA,NA,NA,NA,NA,NA,NA,NA,NA,NA
178-3-0,13942.9197,3.2,0,99.99,2,13942.9063,0.0134,1,9,7,3,0,0,1,0,0,87.89,A1S1,A2S2
178-0-0,13942.9197,3.2,1,0.01,1,13942.9267,-0.0070,-1,9,7,2,2,0,0,0,0,0.01,A2S1G1F,A1S1F
179-2-0,13949.8912,0.3,0,88.82,2,13949.8849,0.0064,0,12,6,2,0,1,0,0,0,60.47,M7,A2S2
179-2-1,13949.8912,0.3,1,8.61,1,13949.8849,0.0064,0,12,6,2,0,1,0,0,0,8.61,M5-A1S1,M5-A1S1
179-1-0,13949.8912,0.3,2,2.58,2,13949.8849,0.0064,0,11,6,2,1,2,0,0,0,2.05,M6,A2S2F
180-0-0,13951.8784,0.0,NA,NA,NA,NA,NA,NA,NA,NA,NA,NA,NA,NA,NA,NA,NA,NA,NA
181-6-0,13957.9295,0.9,0,100.00,2,13957.9012,0.0284,2,9,7,3,0,1,0,0,0,87.91,A1S1,A2S2
182-1-0,13958.8992,0.3,0,99.99,2,13958.9012,-0.0020,-0,9,7,3,0,1,1,0,0,87.89,A1S1,A2S2
182-2-0,13958.8992,0.3,1,0.01,1,13958.9216,-0.0224,-2,9,7,2,2,1,0,0,0,0.01,A2S1G1F,A1S1F
183-5-0,13966.9023,0.7,0,91.17,2,13966.8798,0.0225,2,12,6,2,0,2,1,0,0,62.07,M7,A2S2
183-5-1,13966.9023,0.7,1,8.83,1,13966.8798,0.0225,2,12,6,2,0,2,1,0,0,8.83,M5-A1S1,M5-A1S1
184-5-0,13974.9212,3.3,0,47.63,2,13974.8961,0.0251,2,9,7,3,0,2,1,0,0,41.87,A1S1,A2S2
184-2-0,13974.9212,3.3,1,26.12,2,13974.9165,0.0047,0,11,7,2,0,0,0,0,0,20.22,M5-A1S1,A2S1G1
184-2-1,13974.9212,3.3,2,20.89,2,13974.9165,0.0047,0,11,7,2,0,0,0,0,0,20.21,M5-A1G1,A2S2
184-2-2,13974.9212,3.3,3,5.35,2,13974.9165,0.0047,0,11,7,2,0,0,0,0,0,5.27,M5,A3S2G1
184-0-0,13974.9212,3.3,4,0.01,1,13974.9165,0.0047,0,9,7,2,2,2,0,0,0,0.01,A2S1G1F,A1S1F
185-0-0,13985.9195,1.2,NA,NA,NA,NA,NA,NA,NA,NA,NA,NA,NA,NA,NA,NA,NA,NA,NA
186-0-0,13994.9730,1.2,NA,NA,NA,NA,NA,NA,NA,NA,NA,NA,NA,NA,NA,NA,NA,NA,NA
187-0-0,14001.9532,2.1,NA,NA,NA,NA,NA,NA,NA,NA,NA,NA,NA,NA,NA,NA,NA,NA,NA
188-6-0,14016.9747,88.0,0,49.64,1,14016.9430,0.0316,2,10,8,2,0,0,1,0,0,49.64,A2S1G1,A2S1G1
188-6-1,14016.9747,88.0,1,49.43,2,14016.9430,0.0316,2,10,8,2,0,0,1,0,0,44.65,A2G2,A2S2
188-6-2,14016.9747,88.0,2,0.59,2,14016.9430,0.0316,2,10,8,2,0,0,1,0,0,0.57,A1G1,A3S2G1
188-6-3,14016.9747,88.0,3,0.20,2,14016.9430,0.0316,2,10,8,2,0,0,1,0,0,0.18,A1S1,A3S1G2
188-5-0,14016.9747,88.0,4,0.06,2,14016.9430,0.0316,2,9,8,2,1,1,1,0,0,0.04,A2G1,A2S2F
188-5-1,14016.9747,88.0,5,0.05,2,14016.9430,0.0316,2,9,8,2,1,1,1,0,0,0.04,A2S1G1F,A2S1G0
188-3-0,14016.9747,88.0,6,0.02,2,14016.9634,0.0112,1,10,8,1,2,0,0,0,0,0.02,A2G2F,A2S1G1F
189-2-0,14032.9489,9.3,0,49.64,1,14032.9380,0.0109,1,10,8,2,0,1,1,0,0,49.64,A2S1G1,A2S1G1
189-2-1,14032.9489,9.3,1,49.43,2,14032.9380,0.0109,1,10,8,2,0,1,1,0,0,44.65,A2G2,A2S2
189-2-2,14032.9489,9.3,2,0.59,2,14032.9380,0.0109,1,10,8,2,0,1,1,0,0,0.57,A1G1,A3S2G1
189-2-3,14032.9489,9.3,3,0.20,2,14032.9380,0.0109,1,10,8,2,0,1,1,0,0,0.18,A1S1,A3S1G2
189-3-0,14032.9489,9.3,4,0.06,2,14032.9380,0.0110,1,9,8,2,1,2,1,0,0,0.04,A2G1,A2S2F
189-3-1,14032.9489,9.3,5,0.05,2,14032.9380,0.0110,1,9,8,2,1,2,1,0,0,0.04,A2S1G1F,A2S1G0
189-0-0,14032.9489,9.3,6,0.02,2,14032.9584,-0.0095,-1,10,8,1,2,1,0,0,0,0.02,A2G2F,A2S1G1F
190-5-0,14032.9622,3.2,0,49.64,1,14032.9380,0.0242,2,10,8,2,0,1,1,0,0,49.64,A2S1G1,A2S1G1
190-5-1,14032.9622,3.2,1,49.43,2,14032.9380,0.0242,2,10,8,2,0,1,1,0,0,44.65,A2G2,A2S2
190-5-2,14032.9622,3.2,2,0.59,2,14032.9380,0.0242,2,10,8,2,0,1,1,0,0,0.57,A1G1,A3S2G1
190-5-3,14032.9622,3.2,3,0.20,2,14032.9380,0.0242,2,10,8,2,0,1,1,0,0,0.18,A1S1,A3S1G2
190-6-0,14032.9622,3.2,4,0.06,2,14032.9380,0.0242,2,9,8,2,1,2,1,0,0,0.04,A2G1,A2S2F
190-6-1,14032.9622,3.2,5,0.05,2,14032.9380,0.0242,2,9,8,2,1,2,1,0,0,0.04,A2S1G1F,A2S1G0
190-0-0,14032.9622,3.2,6,0.02,2,14032.9584,0.0038,0,10,8,1,2,1,0,0,0,0.02,A2G2F,A2S1G1F
191-7-0,14039.9632,5.8,0,100.00,2,14039.9166,0.0467,3,13,7,1,0,2,0,0,0,71.72,M7,A3S1G2
192-0-0,14041.9188,0.9,NA,NA,NA,NA,NA,NA,NA,NA,NA,NA,NA,NA,NA,NA,NA,NA,NA
193-0-0,14046.9582,0.1,NA,NA,NA,NA,NA,NA,NA,NA,NA,NA,NA,NA,NA,NA,NA,NA,NA
194-0-0,14048.9403,4.3,0,49.64,1,14048.9329,0.0074,1,10,8,2,0,2,1,0,0,49.64,A2S1G1,A2S1G1
194-0-1,14048.9403,4.3,1,49.43,2,14048.9329,0.0074,1,10,8,2,0,2,1,0,0,44.65,A2G2,A2S2
194-0-2,14048.9403,4.3,2,0.59,2,14048.9329,0.0074,1,10,8,2,0,2,1,0,0,0.57,A1G1,A3S2G1
194-0-3,14048.9403,4.3,3,0.20,2,14048.9329,0.0074,1,10,8,2,0,2,1,0,0,0.18,A1S1,A3S1G2
194-3-0,14048.9403,4.3,4,0.09,2,14048.9533,-0.0130,-1,12,8,1,0,0,0,0,0,0.09,M5-A1G1,A3S1G2
194-3-1,14048.9403,4.3,5,0.03,2,14048.9533,-0.0130,-1,12,8,1,0,0,0,0,0,0.02,M5-A1S1,A3G3
194-1-0,14048.9403,4.3,6,0.02,2,14048.9533,-0.0130,-1,10,8,1,2,2,0,0,0,0.02,A2G2F,A2S1G1F
195-0-0,14056.9526,5.7,NA,NA,NA,NA,NA,NA,NA,NA,NA,NA,NA,NA,NA,NA,NA,NA,NA
196-0-0,14062.9132,0.4,NA,NA,NA,NA,NA,NA,NA,NA,NA,NA,NA,NA,NA,NA,NA,NA,NA
197-0-0,14063.9219,0.7,NA,NA,NA,NA,NA,NA,NA,NA,NA,NA,NA,NA,NA,NA,NA,NA,NA
198-0-0,14069.9452,3.3,NA,NA,NA,NA,NA,NA,NA,NA,NA,NA,NA,NA,NA,NA,NA,NA,NA
199-3-0,14073.9444,0.0,0,100.00,1,14073.9849,-0.0405,-3,10,9,1,1,0,0,0,0,100.00,A3S1G2F,A2G1
200-3-0,14079.9082,2.1,0,100.00,2,14079.9479,-0.0397,-3,12,6,2,1,0,0,0,0,61.76,A2S2F,M7
201-3-0,14089.9307,4.5,0,66.24,2,14089.9798,-0.0491,-3,11,9,1,0,0,0,0,0,60.77,A2G2,A3S1G2
201-3-1,14089.9307,4.5,1,33.65,2,14089.9798,-0.0491,-3,11,9,1,0,0,0,0,0,19.41,A3G3,A2S1G1
201-2-0,14089.9307,4.5,2,0.11,1,14089.9798,-0.0491,-3,10,9,1,1,1,0,0,0,0.11,A3S1G2F,A2G1
202-1-0,14096.9388,1.0,0,100.00,2,14096.9428,-0.0039,-0,12,6,2,1,1,1,0,0,61.76,A2S2F,M7
203-1-0,14103.9570,8.6,0,88.78,2,14103.9591,-0.0021,-0,9,7,3,1,1,0,0,0,60.22,A1S1,A2S2F
203-1-1,14103.9570,8.6,1,11.22,1,14103.9591,-0.0021,-0,9,7,3,1,1,0,0,0,11.22,A2S2,A1S1F
204-0-0,14111.9351,0.9,0,100.00,2,14111.9377,-0.0026,-0,12,6,2,1,2,0,0,0,61.76,A2S2F,M7
205-0-0,14118.9673,2.4,NA,NA,NA,NA,NA,NA,NA,NA,NA,NA,NA,NA,NA,NA,NA,NA,NA
206-0-0,14128.9544,2.5,NA,NA,NA,NA,NA,NA,NA,NA,NA,NA,NA,NA,NA,NA,NA,NA,NA
207-0-0,14138.9624,7.2,NA,NA,NA,NA,NA,NA,NA,NA,NA,NA,NA,NA,NA,NA,NA,NA,NA
208-3-0,14145.9343,0.5,0,100.00,2,14145.9856,-0.0514,-4,9,8,3,0,0,1,0,0,71.25,A2S1G0,A2S2
209-3-0,14145.9579,1.1,0,100.00,2,14145.9856,-0.0277,-2,9,8,3,0,0,1,0,0,71.25,A2S1G0,A2S2
210-0-0,14148.6210,0.0,NA,NA,NA,NA,NA,NA,NA,NA,NA,NA,NA,NA,NA,NA,NA,NA,NA
211-1-0,14153.9574,1.1,0,40.88,2,14153.9642,-0.0068,-0,12,7,2,0,1,1,0,0,39.77,M6,A3S2G1
211-0-0,14153.9574,1.1,1,32.44,2,14153.9642,-0.0068,-0,11,7,2,1,2,1,0,0,17.68,A2S1G1F,M5-A1S1
211-0-1,14153.9574,1.1,2,20.65,2,14153.9642,-0.0068,-0,11,7,2,1,2,1,0,0,18.49,M5-A1G1,A2S2F
211-0-2,14153.9574,1.1,3,5.59,2,14153.9642,-0.0068,-0,11,7,2,1,2,1,0,0,4.72,M5,A3S2G1F
211-3-0,14153.9574,1.1,4,0.44,1,14153.9846,-0.0272,-2,13,7,1,1,0,0,0,0,0.44,A3S1G2F,M7
212-2-0,14154.9414,0.1,0,100.00,1,14154.9846,-0.0433,-3,13,7,1,1,0,1,0,0,100.00,A3S1G2F,M7
213-0-0,14157.9957,0.5,NA,NA,NA,NA,NA,NA,NA,NA,NA,NA,NA,NA,NA,NA,NA,NA,NA
214-3-0,14161.9553,2.3,0,33.97,2,14162.0010,-0.0456,-3,10,8,2,1,0,0,0,0,27.32,A2S1G1F,A2S1G1
214-3-1,14161.9553,2.3,1,28.78,2,14162.0010,-0.0456,-3,10,8,2,1,0,0,0,0,27.54,A2G2F,A2S2
214-1-0,14161.9553,2.3,2,26.78,2,14161.9806,-0.0252,-2,9,8,3,0,1,1,0,0,19.08,A2S1G0,A2S2
214-3-2,14161.9553,2.3,3,10.27,2,14162.0010,-0.0456,-3,10,8,2,1,0,0,0,0,7.50,A2G2,A2S2F
214-3-3,14161.9553,2.3,4,0.13,2,14162.0010,-0.0456,-3,10,8,2,1,0,0,0,0,0.09,A1G1,A3S2G1F
214-3-4,14161.9553,2.3,5,0.06,1,14162.0010,-0.0456,-3,10,8,2,1,0,0,0,0,0.06,A3S1G2F,A1S1
214-3-5,14161.9553,2.3,6,0.00,1,14162.0010,-0.0456,-3,10,8,2,1,0,0,0,0,0.00,A3S1G2,A1S1F
215-1-0,14170.9498,0.7,0,100.00,1,14170.9795,-0.0297,-2,13,7,1,1,1,1,0,0,100.00,A3S1G2F,M7
216-1-0,14178.0021,0.1,0,33.97,2,14177.9959,0.0062,0,10,8,2,1,1,0,0,0,27.32,A2S1G1F,A2S1G1
216-1-1,14178.0021,0.1,1,28.78,2,14177.9959,0.0062,0,10,8,2,1,1,0,0,0,27.54,A2G2F,A2S2
216-5-0,14178.0021,0.1,2,26.78,2,14177.9755,0.0266,2,9,8,3,0,2,1,0,0,19.08,A2S1G0,A2S2
216-1-2,14178.0021,0.1,3,10.27,2,14177.9959,0.0062,0,10,8,2,1,1,0,0,0,7.50,A2G2,A2S2F
216-1-3,14178.0021,0.1,4,0.13,2,14177.9959,0.0062,0,10,8,2,1,1,0,0,0,0.09,A1G1,A3S2G1F
216-1-4,14178.0021,0.1,5,0.06,1,14177.9959,0.0062,0,10,8,2,1,1,0,0,0,0.06,A3S1G2F,A1S1
216-1-5,14178.0021,0.1,6,0.00,1,14177.9959,0.0062,0,10,8,2,1,1,0,0,0,0.00,A3S1G2,A1S1F
217-1-0,14178.9581,2.5,0,46.40,2,14178.9959,-0.0378,-3,10,8,2,1,1,1,0,0,37.32,A2S1G1F,A2S1G1
217-1-1,14178.9581,2.5,1,39.31,2,14178.9959,-0.0378,-3,10,8,2,1,1,1,0,0,37.61,A2G2F,A2S2
217-1-2,14178.9581,2.5,2,14.02,2,14178.9959,-0.0378,-3,10,8,2,1,1,1,0,0,10.24,A2G2,A2S2F
217-1-3,14178.9581,2.5,3,0.18,2,14178.9959,-0.0378,-3,10,8,2,1,1,1,0,0,0.13,A1G1,A3S2G1F
217-1-4,14178.9581,2.5,4,0.08,1,14178.9959,-0.0378,-3,10,8,2,1,1,1,0,0,0.08,A3S1G2F,A1S1
217-1-5,14178.9581,2.5,5,0.01,1,14178.9959,-0.0378,-3,10,8,2,1,1,1,0,0,0.01,A3S1G2,A1S1F
218-0-0,14188.9574,0.7,NA,NA,NA,NA,NA,NA,NA,NA,NA,NA,NA,NA,NA,NA,NA,NA,NA
219-0-0,14197.9867,3.8,NA,NA,NA,NA,NA,NA,NA,NA,NA,NA,NA,NA,NA,NA,NA,NA,NA
220-0-0,14206.9891,0.0,NA,NA,NA,NA,NA,NA,NA,NA,NA,NA,NA,NA,NA,NA,NA,NA,NA
221-3-0,14211.0180,1.1,0,100.00,1,14211.0061,0.0119,1,12,8,1,1,1,0,0,0,100.00,A3S1G2F,M5-A1G1
222-3-0,14218.9993,2.9,0,82.16,2,14219.0224,-0.0231,-2,10,9,2,0,0,0,0,0,77.74,A2G1,A3S2G1
222-3-1,14218.9993,2.9,1,17.84,2,14219.0224,-0.0231,-2,10,9,2,0,0,0,0,0,13.32,A2S1G0,A3S1G2
223-0-0,14227.9842,0.7,0,100.00,1,14228.0010,-0.0168,-1,12,8,1,1,2,1,0,0,100.00,A3S1G2F,M5-A1G1
224-1-0,14236.0022,1.6,0,61.73,2,14236.0173,-0.0151,-1,10,9,2,0,1,1,0,0,58.41,A2G1,A3S2G1
224-2-0,14236.0022,1.6,1,14.99,2,14236.0377,-0.0355,-2,11,9,1,1,0,0,0,0,14.44,A2G2F,A3S1G2
224-1-1,14236.0022,1.6,2,13.40,2,14236.0173,-0.0151,-1,10,9,2,0,1,1,0,0,10.00,A2S1G0,A3S1G2
224-2-1,14236.0022,1.6,3,5.87,1,14236.0377,-0.0355,-2,11,9,1,1,0,0,0,0,5.87,A3S1G2F,A2G2
224-2-2,14236.0022,1.6,4,4.02,2,14236.0377,-0.0355,-2,11,9,1,1,0,0,0,0,3.02,A2S1G1F,A3G3
225-0-0,14242.9665,0.2,NA,NA,NA,NA,NA,NA,NA,NA,NA,NA,NA,NA,NA,NA,NA,NA,NA
226-0-0,14244.0165,0.1,NA,NA,NA,NA,NA,NA,NA,NA,NA,NA,NA,NA,NA,NA,NA,NA,NA
227-0-0,14247.0081,0.0,NA,NA,NA,NA,NA,NA,NA,NA,NA,NA,NA,NA,NA,NA,NA,NA,NA
228-0-0,14250.0114,1.1,0,100.00,1,14250.0170,-0.0056,-0,9,7,3,2,1,0,0,0,100.00,A2S2F,A1S1F
229-0-0,14256.9957,0.2,NA,NA,NA,NA,NA,NA,NA,NA,NA,NA,NA,NA,NA,NA,NA,NA,NA
230-0-0,14258.0378,0.2,NA,NA,NA,NA,NA,NA,NA,NA,NA,NA,NA,NA,NA,NA,NA,NA,NA
231-0-0,14265.0172,3.2,NA,NA,NA,NA,NA,NA,NA,NA,NA,NA,NA,NA,NA,NA,NA,NA,NA
232-0-0,14276.0119,1.2,NA,NA,NA,NA,NA,NA,NA,NA,NA,NA,NA,NA,NA,NA,NA,NA,NA
233-1-0,14284.0256,1.2,0,100.00,2,14284.0272,-0.0016,-0,12,7,2,1,0,1,0,0,76.00,M6,A3S2G1F
234-1-0,14292.0334,2.5,0,100.00,2,14292.0435,-0.0101,-1,9,8,3,1,0,1,0,0,58.17,A2S2F,A2S1G0
235-6-0,14307.0631,100.0,0,98.84,2,14307.0385,0.0247,2,10,8,3,0,0,0,0,0,65.76,A2S1G1,A2S2
235-6-1,14307.0631,100.0,1,0.58,2,14307.0385,0.0247,2,10,8,3,0,0,0,0,0,0.56,A1S1,A3S2G1
235-6-2,14307.0631,100.0,2,0.53,2,14307.0385,0.0247,2,10,8,3,0,0,0,0,0,0.52,A1G1,A3S3
235-5-0,14307.0631,100.0,3,0.05,2,14307.0385,0.0247,2,9,8,3,1,1,0,0,0,0.03,A2S2F,A2S1G0
236-0-0,14313.0228,0.1,NA,NA,NA,NA,NA,NA,NA,NA,NA,NA,NA,NA,NA,NA,NA,NA,NA
237-3-0,14323.0462,12.2,0,98.84,2,14323.0334,0.0129,1,10,8,3,0,1,0,0,0,65.76,A2S1G1,A2S2
237-3-1,14323.0462,12.2,1,0.58,2,14323.0334,0.0129,1,10,8,3,0,1,0,0,0,0.56,A1S1,A3S2G1
237-3-2,14323.0462,12.2,2,0.53,2,14323.0334,0.0129,1,10,8,3,0,1,0,0,0,0.52,A1G1,A3S3
237-2-0,14323.0462,12.2,3,0.05,2,14323.0334,0.0129,1,9,8,3,1,2,0,0,0,0.03,A2S2F,A2S1G0
238-6-0,14323.0541,3.6,0,98.84,2,14323.0334,0.0207,1,10,8,3,0,1,0,0,0,65.76,A2S1G1,A2S2
238-6-1,14323.0541,3.6,1,0.58,2,14323.0334,0.0207,1,10,8,3,0,1,0,0,0,0.56,A1S1,A3S2G1
238-6-2,14323.0541,3.6,2,0.53,2,14323.0334,0.0207,1,10,8,3,0,1,0,0,0,0.52,A1G1,A3S3
238-5-0,14323.0541,3.6,3,0.05,2,14323.0334,0.0207,1,9,8,3,1,2,0,0,0,0.03,A2S2F,A2S1G0
239-0-0,14330.0565,7.6,NA,NA,NA,NA,NA,NA,NA,NA,NA,NA,NA,NA,NA,NA,NA,NA,NA
240-0-0,14332.0064,1.5,0,100.00,2,14332.0120,-0.0055,-0,13,7,2,0,2,1,0,0,84.97,M7,A3S2G1
241-0-0,14340.0291,5.9,0,98.44,2,14340.0283,0.0008,0,10,8,3,0,2,1,0,0,65.49,A2S1G1,A2S2
241-0-1,14340.0291,5.9,1,0.58,2,14340.0283,0.0008,0,10,8,3,0,2,1,0,0,0.55,A1S1,A3S2G1
241-0-2,14340.0291,5.9,2,0.52,2,14340.0283,0.0008,0,10,8,3,0,2,1,0,0,0.52,A1G1,A3S3
241-3-0,14340.0291,5.9,3,0.27,2,14340.0487,-0.0196,-1,12,8,2,0,0,0,0,0,0.27,M5-A1G1,A3S2G1
241-3-1,14340.0291,5.9,4,0.13,2,14340.0487,-0.0196,-1,12,8,2,0,0,0,0,0,0.12,M5-A1S1,A3S1G2
241-1-0,14340.0291,5.9,5,0.03,2,14340.0487,-0.0196,-1,10,8,2,2,2,0,0,0,0.03,A2G2F,A2S2F
241-1-1,14340.0291,5.9,6,0.02,1,14340.0487,-0.0196,-1,10,8,2,2,2,0,0,0,0.02,A2S1G1F,A2S1G1F
241-1-2,14340.0291,5.9,7,0.00,1,14340.0487,-0.0196,-1,10,8,2,2,2,0,0,0,0.00,A3S1G2F,A1S1F
242-0-0,14349.0416,7.4,NA,NA,NA,NA,NA,NA,NA,NA,NA,NA,NA,NA,NA,NA,NA,NA,NA
243-0-0,14358.9899,3.7,NA,NA,NA,NA,NA,NA,NA,NA,NA,NA,NA,NA,NA,NA,NA,NA,NA
244-0-0,14366.9926,2.8,NA,NA,NA,NA,NA,NA,NA,NA,NA,NA,NA,NA,NA,NA,NA,NA,NA
245-0-0,14373.0045,0.5,0,67.61,2,14373.0385,-0.0340,-2,12,8,2,0,2,1,0,0,66.76,M5-A1G1,A3S2G1
245-0-1,14373.0045,0.5,1,32.39,2,14373.0385,-0.0340,-2,12,8,2,0,2,1,0,0,28.83,M5-A1S1,A3S1G2
246-0-0,14374.0156,0.3,NA,NA,NA,NA,NA,NA,NA,NA,NA,NA,NA,NA,NA,NA,NA,NA,NA
247-3-0,14381.0247,12.4,0,54.35,2,14381.0752,-0.0506,-4,11,9,2,0,0,0,0,0,52.24,A2G2,A3S2G1
247-3-1,14381.0247,12.4,1,35.67,2,14381.0752,-0.0506,-4,11,9,2,0,0,0,0,0,25.07,A2S1G1,A3S1G2
247-3-2,14381.0247,12.4,2,9.86,2,14381.0752,-0.0506,-4,11,9,2,0,0,0,0,0,7.20,A3G3,A2S2
247-2-0,14381.0247,12.4,3,0.07,2,14381.0752,-0.0506,-4,10,9,2,1,1,0,0,0,0.04,A2G1,A3S2G1F
247-2-1,14381.0247,12.4,4,0.04,1,14381.0752,-0.0506,-4,10,9,2,1,1,0,0,0,0.04,A3S1G2F,A2S1G0
248-0-0,14387.0530,0.1,NA,NA,NA,NA,NA,NA,NA,NA,NA,NA,NA,NA,NA,NA,NA,NA,NA
249-0-0,14388.0436,0.8,NA,NA,NA,NA,NA,NA,NA,NA,NA,NA,NA,NA,NA,NA,NA,NA,NA
250-0-0,14391.0109,0.1,NA,NA,NA,NA,NA,NA,NA,NA,NA,NA,NA,NA,NA,NA,NA,NA,NA
251-0-0,14395.0733,3.6,NA,NA,NA,NA,NA,NA,NA,NA,NA,NA,NA,NA,NA,NA,NA,NA,NA
252-1-0,14398.0226,0.0,0,54.35,2,14398.0702,-0.0476,-3,11,9,2,0,1,1,0,0,52.24,A2G2,A3S2G1
252-1-1,14398.0226,0.0,1,35.67,2,14398.0702,-0.0476,-3,11,9,2,0,1,1,0,0,25.06,A2S1G1,A3S1G2
252-1-2,14398.0226,0.0,2,9.86,2,14398.0702,-0.0476,-3,11,9,2,0,1,1,0,0,7.20,A3G3,A2S2
252-0-0,14398.0226,0.0,3,0.07,2,14398.0702,-0.0476,-3,10,9,2,1,2,1,0,0,0.04,A2G1,A3S2G1F
252-0-1,14398.0226,0.0,4,0.04,1,14398.0702,-0.0476,-3,10,9,2,1,2,1,0,0,0.04,A3S1G2F,A2S1G0
252-2-0,14398.0226,0.0,5,0.01,1,14398.0906,-0.0680,-5,11,9,1,2,1,0,0,0,0.01,A3S1G2F,A2G2F
253-0-0,14405.0496,2.9,NA,NA,NA,NA,NA,NA,NA,NA,NA,NA,NA,NA,NA,NA,NA,NA,NA
254-0-0,14408.0865,0.0,NA,NA,NA,NA,NA,NA,NA,NA,NA,NA,NA,NA,NA,NA,NA,NA,NA
255-0-0,14413.0295,1.0,0,54.18,2,14413.0651,-0.0356,-2,11,9,2,0,2,0,0,0,52.07,A2G2,A3S2G1
255-0-1,14413.0295,1.0,1,35.56,2,14413.0651,-0.0356,-2,11,9,2,0,2,0,0,0,24.99,A2S1G1,A3S1G2
255-0-2,14413.0295,1.0,2,9.83,2,14413.0651,-0.0356,-2,11,9,2,0,2,0,0,0,7.18,A3G3,A2S2
255-1-0,14413.0295,1.0,3,0.33,2,14413.0698,-0.0403,-3,11,7,3,1,0,1,0,0,0.22,M5-A1S1,A2S2F
255-1-1,14413.0295,1.0,4,0.10,2,14413.0698,-0.0403,-3,11,7,3,1,0,1,0,0,0.10,M5,A3S3F
256-0-0,14421.0406,2.5,NA,NA,NA,NA,NA,NA,NA,NA,NA,NA,NA,NA,NA,NA,NA,NA,NA
257-0-0,14422.0670,0.0,NA,NA,NA,NA,NA,NA,NA,NA,NA,NA,NA,NA,NA,NA,NA,NA,NA
258-0-0,14430.0161,0.1,NA,NA,NA,NA,NA,NA,NA,NA,NA,NA,NA,NA,NA,NA,NA,NA,NA
259-0-0,14430.0568,3.7,NA,NA,NA,NA,NA,NA,NA,NA,NA,NA,NA,NA,NA,NA,NA,NA,NA
260-0-0,14437.0196,0.3,NA,NA,NA,NA,NA,NA,NA,NA,NA,NA,NA,NA,NA,NA,NA,NA,NA
261-0-0,14439.5392,0.1,NA,NA,NA,NA,NA,NA,NA,NA,NA,NA,NA,NA,NA,NA,NA,NA,NA
262-0-0,14441.0281,0.3,NA,NA,NA,NA,NA,NA,NA,NA,NA,NA,NA,NA,NA,NA,NA,NA,NA
263-0-0,14441.0574,0.1,NA,NA,NA,NA,NA,NA,NA,NA,NA,NA,NA,NA,NA,NA,NA,NA,NA
264-0-0,14444.0446,0.9,0,43.38,2,14444.0597,-0.0151,-1,11,7,3,1,2,0,0,0,28.81,M5-A1S1,A2S2F
264-1-0,14444.0446,0.9,1,43.08,2,14444.0597,-0.0151,-1,12,7,3,0,1,0,0,0,42.84,M6,A3S3
264-0-1,14444.0446,0.9,2,13.54,2,14444.0597,-0.0151,-1,11,7,3,1,2,0,0,0,13.30,M5,A3S3F
265-0-0,14451.0341,0.9,NA,NA,NA,NA,NA,NA,NA,NA,NA,NA,NA,NA,NA,NA,NA,NA,NA
266-3-0,14453.0611,2.4,0,57.05,2,14453.0964,-0.0352,-2,10,8,3,1,0,0,0,0,50.83,A2S1G1F,A2S2
266-3-1,14453.0611,2.4,1,42.41,2,14453.0964,-0.0352,-2,10,8,3,1,0,0,0,0,26.90,A2S2F,A2S1G1
266-3-2,14453.0611,2.4,2,0.33,2,14453.0964,-0.0352,-2,10,8,3,1,0,0,0,0,0.31,A1G1,A3S3F
266-3-3,14453.0611,2.4,3,0.20,2,14453.0964,-0.0352,-2,10,8,3,1,0,0,0,0,0.13,A1S1,A3S2G1F
266-3-4,14453.0611,2.4,4,0.01,1,14453.0964,-0.0352,-2,10,8,3,1,0,0,0,0,0.01,A3S2G1,A1S1F
267-0-0,14458.0686,0.5,NA,NA,NA,NA,NA,NA,NA,NA,NA,NA,NA,NA,NA,NA,NA,NA,NA
268-0-0,14461.0430,0.4,0,98.38,2,14461.0546,-0.0115,-1,12,7,3,0,2,1,0,0,97.82,M6,A3S3
268-2-0,14461.0430,0.4,1,1.62,2,14461.0750,-0.0319,-2,13,7,2,1,1,0,0,0,1.08,A3S2G1F,M7
269-0-0,14466.0194,0.0,NA,NA,NA,NA,NA,NA,NA,NA,NA,NA,NA,NA,NA,NA,NA,NA,NA
270-2-0,14469.0775,2.8,0,57.05,2,14469.0913,-0.0138,-1,10,8,3,1,1,0,0,0,50.83,A2S1G1F,A2S2
270-2-1,14469.0775,2.8,1,42.41,2,14469.0913,-0.0138,-1,10,8,3,1,1,0,0,0,26.90,A2S2F,A2S1G1
270-2-2,14469.0775,2.8,2,0.33,2,14469.0913,-0.0138,-1,10,8,3,1,1,0,0,0,0.31,A1G1,A3S3F
270-2-3,14469.0775,2.8,3,0.20,2,14469.0913,-0.0138,-1,10,8,3,1,1,0,0,0,0.13,A1S1,A3S2G1F
270-2-4,14469.0775,2.8,4,0.01,1,14469.0913,-0.0138,-1,10,8,3,1,1,0,0,0,0.01,A3S2G1,A1S1F
271-0-0,14477.0680,0.1,0,100.00,2,14477.0699,-0.0018,-0,13,7,2,1,2,0,0,0,66.67,A3S2G1F,M7
272-0-0,14479.0542,0.7,NA,NA,NA,NA,NA,NA,NA,NA,NA,NA,NA,NA,NA,NA,NA,NA,NA
273-0-0,14489.0849,4.5,NA,NA,NA,NA,NA,NA,NA,NA,NA,NA,NA,NA,NA,NA,NA,NA,NA
274-0-0,14497.0748,0.7,NA,NA,NA,NA,NA,NA,NA,NA,NA,NA,NA,NA,NA,NA,NA,NA,NA
275-0-0,14506.0914,2.6,NA,NA,NA,NA,NA,NA,NA,NA,NA,NA,NA,NA,NA,NA,NA,NA,NA
276-0-0,14509.0507,0.0,NA,NA,NA,NA,NA,NA,NA,NA,NA,NA,NA,NA,NA,NA,NA,NA,NA
277-0-0,14514.0752,1.2,NA,NA,NA,NA,NA,NA,NA,NA,NA,NA,NA,NA,NA,NA,NA,NA,NA
278-0-0,14525.1017,1.4,NA,NA,NA,NA,NA,NA,NA,NA,NA,NA,NA,NA,NA,NA,NA,NA,NA
279-0-0,14532.0801,0.8,NA,NA,NA,NA,NA,NA,NA,NA,NA,NA,NA,NA,NA,NA,NA,NA,NA
280-0-0,14539.1427,0.0,NA,NA,NA,NA,NA,NA,NA,NA,NA,NA,NA,NA,NA,NA,NA,NA,NA
281-0-0,14542.0405,0.9,0,60.48,2,14542.1077,-0.0672,-5,10,9,3,0,2,0,0,0,59.78,A2G1,A3S3
281-0-1,14542.0405,0.9,1,39.52,2,14542.1077,-0.0672,-5,10,9,3,0,2,0,0,0,34.30,A2S1G0,A3S2G1
282-0-0,14547.1824,0.0,NA,NA,NA,NA,NA,NA,NA,NA,NA,NA,NA,NA,NA,NA,NA,NA,NA
283-0-0,14549.0472,0.1,NA,NA,NA,NA,NA,NA,NA,NA,NA,NA,NA,NA,NA,NA,NA,NA,NA
284-0-0,14555.1204,1.0,NA,NA,NA,NA,NA,NA,NA,NA,NA,NA,NA,NA,NA,NA,NA,NA,NA
285-0-0,14555.1379,0.0,NA,NA,NA,NA,NA,NA,NA,NA,NA,NA,NA,NA,NA,NA,NA,NA,NA
286-0-0,14566.1038,1.0,NA,NA,NA,NA,NA,NA,NA,NA,NA,NA,NA,NA,NA,NA,NA,NA,NA
287-1-0,14574.1224,0.1,0,100.00,2,14574.1226,-0.0002,-0,12,7,3,1,0,0,0,0,96.94,M6,A3S3F
288-2-0,14575.0853,0.3,0,100.00,2,14575.1226,-0.0373,-3,12,7,3,1,0,1,0,0,96.94,M6,A3S3F
289-0-0,14576.1530,0.1,NA,NA,NA,NA,NA,NA,NA,NA,NA,NA,NA,NA,NA,NA,NA,NA,NA
290-0-0,14583.1096,1.3,NA,NA,NA,NA,NA,NA,NA,NA,NA,NA,NA,NA,NA,NA,NA,NA,NA
291-0-0,14596.0232,0.0,NA,NA,NA,NA,NA,NA,NA,NA,NA,NA,NA,NA,NA,NA,NA,NA,NA
292-4-0,14598.1463,42.7,0,98.84,1,14598.1339,0.0125,1,10,8,4,0,0,0,0,0,98.84,A2S2,A2S2
292-4-1,14598.1463,42.7,1,1.16,2,14598.1339,0.0125,1,10,8,4,0,0,0,0,0,1.15,A1S1,A3S3
293-0-0,14612.1382,1.2,NA,NA,NA,NA,NA,NA,NA,NA,NA,NA,NA,NA,NA,NA,NA,NA,NA
294-3-0,14614.1422,6.2,0,98.84,1,14614.1288,0.0134,1,10,8,4,0,1,0,0,0,98.84,A2S2,A2S2
294-3-1,14614.1422,6.2,1,1.16,2,14614.1288,0.0134,1,10,8,4,0,1,0,0,0,1.15,A1S1,A3S3
295-0-0,14619.1539,2.6,NA,NA,NA,NA,NA,NA,NA,NA,NA,NA,NA,NA,NA,NA,NA,NA,NA
296-2-0,14622.1100,1.8,0,100.00,2,14622.1074,0.0026,0,13,7,3,0,2,0,0,0,96.49,M7,A3S3
297-0-0,14624.1165,0.0,NA,NA,NA,NA,NA,NA,NA,NA,NA,NA,NA,NA,NA,NA,NA,NA,NA
298-0-0,14626.1136,0.3,NA,NA,NA,NA,NA,NA,NA,NA,NA,NA,NA,NA,NA,NA,NA,NA,NA
299-3-0,14631.1351,2.4,0,97.36,1,14631.1237,0.0114,1,10,8,4,0,2,1,0,0,97.36,A2S2,A2S2
299-3-1,14631.1351,2.4,1,1.14,2,14631.1237,0.0114,1,10,8,4,0,2,1,0,0,1.13,A1S1,A3S3
299-0-0,14631.1351,2.4,2,0.83,2,14631.1441,-0.0090,-1,12,8,3,0,0,0,0,0,0.79,M5-A1S1,A3S2G1
299-0-1,14631.1351,2.4,3,0.55,2,14631.1441,-0.0090,-1,12,8,3,0,0,0,0,0,0.55,M5-A1G1,A3S3
299-1-0,14631.1351,2.4,4,0.12,2,14631.1441,-0.0090,-1,10,8,3,2,2,0,0,0,0.08,A2S1G1F,A2S2F
299-1-1,14631.1351,2.4,5,0.00,1,14631.1441,-0.0090,-1,10,8,3,2,2,0,0,0,0.00,A3S2G1F,A1S1F
300-1-0,14633.1388,0.9,0,100.00,1,14633.1598,-0.0210,-1,12,10,1,1,2,0,0,0,100.00,A3S1G2F,A3G3
301-0-0,14641.1386,3.7,NA,NA,NA,NA,NA,NA,NA,NA,NA,NA,NA,NA,NA,NA,NA,NA,NA
302-1-0,14647.1226,0.0,0,60.36,2,14647.1390,-0.0165,-1,12,8,3,0,1,0,0,0,57.19,M5-A1S1,A3S2G1
302-1-1,14647.1226,0.0,1,39.64,2,14647.1390,-0.0165,-1,12,8,3,0,1,0,0,0,39.54,M5-A1G1,A3S3
303-2-0,14649.0988,0.9,0,100.00,1,14649.1594,-0.0606,-4,13,8,2,1,0,1,0,0,100.00,A3S2G1F+LacN1,M6
304-2-0,14656.1360,2.2,0,64.06,2,14656.1757,-0.0397,-3,10,9,3,1,0,0,0,0,60.19,A2G1,A3S3F
304-2-1,14656.1360,2.2,1,35.94,2,14656.1757,-0.0397,-3,10,9,3,1,0,0,0,0,22.74,A3S2G1F,A2S1G0
305-0-0,14663.1057,0.3,0,60.36,2,14663.1339,-0.0283,-2,12,8,3,0,2,0,0,0,57.19,M5-A1S1,A3S2G1
305-0-1,14663.1057,0.3,1,39.64,2,14663.1339,-0.0283,-2,12,8,3,0,2,0,0,0,39.54,M5-A1G1,A3S3
306-3-0,14672.1256,20.4,0,53.62,2,14672.1707,-0.0450,-3,11,9,3,0,0,0,0,0,45.06,A2S1G1,A3S2G1
306-3-1,14672.1256,20.4,1,28.27,2,14672.1707,-0.0450,-3,11,9,3,0,0,0,0,0,28.04,A2G2,A3S3
306-3-2,14672.1256,20.4,2,18.01,2,14672.1707,-0.0450,-3,11,9,3,0,0,0,0,0,9.78,A2S2,A3S1G2
306-2-0,14672.1256,20.4,3,0.06,2,14672.1707,-0.0450,-3,10,9,3,1,1,0,0,0,0.06,A2G1,A3S3F
306-2-1,14672.1256,20.4,4,0.04,2,14672.1707,-0.0450,-3,10,9,3,1,1,0,0,0,0.02,A3S2G1F,A2S1G0
307-0-0,14687.1722,0.9,NA,NA,NA,NA,NA,NA,NA,NA,NA,NA,NA,NA,NA,NA,NA,NA,NA
308-0-0,14687.1830,3.1,NA,NA,NA,NA,NA,NA,NA,NA,NA,NA,NA,NA,NA,NA,NA,NA,NA
309-0-0,14695.1728,2.7,NA,NA,NA,NA,NA,NA,NA,NA,NA,NA,NA,NA,NA,NA,NA,NA,NA
310-0-0,14705.1386,1.5,0,53.65,2,14705.1605,-0.0219,-1,11,9,3,0,2,1,0,0,45.09,A2S1G1,A3S2G1
310-0-1,14705.1386,1.5,1,28.29,2,14705.1605,-0.0219,-1,11,9,3,0,2,1,0,0,28.06,A2G2,A3S3
310-0-2,14705.1386,1.5,2,18.02,2,14705.1605,-0.0219,-1,11,9,3,0,2,1,0,0,9.79,A2S2,A3S1G2
310-1-0,14705.1386,1.5,3,0.02,2,14705.1809,-0.0423,-3,11,9,2,2,2,0,0,0,0.02,A2G2F,A3S2G1F
310-1-1,14705.1386,1.5,4,0.01,1,14705.1809,-0.0423,-3,11,9,2,2,2,0,0,0,0.01,A3S1G2F,A2S1G1F
311-0-0,14711.1194,0.1,NA,NA,NA,NA,NA,NA,NA,NA,NA,NA,NA,NA,NA,NA,NA,NA,NA
312-0-0,14714.1568,2.0,NA,NA,NA,NA,NA,NA,NA,NA,NA,NA,NA,NA,NA,NA,NA,NA,NA
313-0-0,14723.1352,1.0,NA,NA,NA,NA,NA,NA,NA,NA,NA,NA,NA,NA,NA,NA,NA,NA,NA
314-0-0,14732.1226,0.9,NA,NA,NA,NA,NA,NA,NA,NA,NA,NA,NA,NA,NA,NA,NA,NA,NA
315-0-0,14738.1249,0.1,NA,NA,NA,NA,NA,NA,NA,NA,NA,NA,NA,NA,NA,NA,NA,NA,NA
316-1-0,14745.1801,2.2,0,99.29,2,14745.1918,-0.0116,-1,10,8,4,1,0,1,0,0,76.96,A2S2F,A2S2
316-1-1,14745.1801,2.2,1,0.70,2,14745.1918,-0.0116,-1,10,8,4,1,0,1,0,0,0.66,A1S1,A3S3F
316-1-2,14745.1801,2.2,2,0.00,1,14745.1918,-0.0116,-1,10,8,4,1,0,1,0,0,0.00,A3S3,A1S1F
317-0-0,14759.1902,1.5,NA,NA,NA,NA,NA,NA,NA,NA,NA,NA,NA,NA,NA,NA,NA,NA,NA
318-0-0,14767.1538,0.6,NA,NA,NA,NA,NA,NA,NA,NA,NA,NA,NA,NA,NA,NA,NA,NA,NA
319-0-0,14774.1573,0.3,NA,NA,NA,NA,NA,NA,NA,NA,NA,NA,NA,NA,NA,NA,NA,NA,NA
320-0-0,14781.1764,2.1,NA,NA,NA,NA,NA,NA,NA,NA,NA,NA,NA,NA,NA,NA,NA,NA,NA
321-0-0,14784.1229,0.0,NA,NA,NA,NA,NA,NA,NA,NA,NA,NA,NA,NA,NA,NA,NA,NA,NA
322-0-0,14789.1604,0.1,NA,NA,NA,NA,NA,NA,NA,NA,NA,NA,NA,NA,NA,NA,NA,NA,NA
323-0-0,14796.2016,1.5,NA,NA,NA,NA,NA,NA,NA,NA,NA,NA,NA,NA,NA,NA,NA,NA,NA
324-0-0,14797.2238,0.2,NA,NA,NA,NA,NA,NA,NA,NA,NA,NA,NA,NA,NA,NA,NA,NA,NA
325-0-0,14803.1686,0.1,NA,NA,NA,NA,NA,NA,NA,NA,NA,NA,NA,NA,NA,NA,NA,NA,NA
326-5-0,14809.2109,0.2,0,51.74,2,14809.1918,0.0190,1,12,8,3,1,2,0,0,0,51.00,M5-A1G1,A3S3F
326-5-1,14809.2109,0.2,1,45.88,2,14809.1918,0.0190,1,12,8,3,1,2,0,0,0,28.22,M5-A1S1,A3S2G1F
326-5-2,14809.2109,0.2,2,2.38,1,14809.1918,0.0190,1,12,8,3,1,2,0,0,0,2.38,A3S3F+LacN1,M5
327-2-0,14811.1974,0.3,0,100.00,1,14811.2123,-0.0149,-1,14,8,2,1,0,1,0,0,100.00,A3S2G1F+LacN1,M7
328-2-0,14819.2138,1.0,0,23.73,2,14819.2286,-0.0148,-1,11,9,3,1,0,1,0,0,22.68,A2S1G1F,A3S2G1
328-2-1,14819.2138,1.0,1,21.34,2,14819.2286,-0.0148,-1,11,9,3,1,0,1,0,0,14.56,A3S2G1F,A2S1G1
328-2-2,14819.2138,1.0,2,20.94,1,14819.2286,-0.0148,-1,11,9,3,1,0,1,0,0,20.94,A3S1G2F,A2S2
328-2-3,14819.2138,1.0,3,15.87,2,14819.2286,-0.0148,-1,11,9,3,1,0,1,0,0,15.81,A2G2F,A3S3
328-2-4,14819.2138,1.0,4,11.54,2,14819.2286,-0.0148,-1,11,9,3,1,0,1,0,0,11.03,A2G2,A3S3F
328-2-5,14819.2138,1.0,5,6.44,2,14819.2286,-0.0148,-1,11,9,3,1,0,1,0,0,5.18,A2S2F,A3S1G2
328-2-6,14819.2138,1.0,6,0.09,1,14819.2286,-0.0148,-1,11,9,3,1,0,1,0,0,0.09,A3S2G1F+LacN1,A1S1
328-2-7,14819.2138,1.0,7,0.06,1,14819.2286,-0.0148,-1,11,9,3,1,0,1,0,0,0.06,A3S3F+LacN1,A1G1
329-1-0,14827.1765,0.1,0,100.00,1,14827.2072,-0.0307,-2,14,8,2,1,1,1,0,0,100.00,A3S2G1F+LacN1,M7
330-1-0,14835.2073,0.4,0,23.73,2,14835.2235,-0.0162,-1,11,9,3,1,1,1,0,0,22.68,A2S1G1F,A3S2G1
330-1-1,14835.2073,0.4,1,21.34,2,14835.2235,-0.0162,-1,11,9,3,1,1,1,0,0,14.56,A3S2G1F,A2S1G1
330-1-2,14835.2073,0.4,2,20.94,1,14835.2235,-0.0162,-1,11,9,3,1,1,1,0,0,20.94,A3S1G2F,A2S2
330-1-3,14835.2073,0.4,3,15.87,2,14835.2235,-0.0162,-1,11,9,3,1,1,1,0,0,15.81,A2G2F,A3S3
330-1-4,14835.2073,0.4,4,11.54,2,14835.2235,-0.0162,-1,11,9,3,1,1,1,0,0,11.03,A2G2,A3S3F
330-1-5,14835.2073,0.4,5,6.44,2,14835.2235,-0.0162,-1,11,9,3,1,1,1,0,0,5.18,A2S2F,A3S1G2
330-1-6,14835.2073,0.4,6,0.09,1,14835.2235,-0.0162,-1,11,9,3,1,1,1,0,0,0.09,A3S2G1F+LacN1,A1S1
330-1-7,14835.2073,0.4,7,0.06,1,14835.2235,-0.0162,-1,11,9,3,1,1,1,0,0,0.06,A3S3F+LacN1,A1G1
331-0-0,14844.1841,0.1,NA,NA,NA,NA,NA,NA,NA,NA,NA,NA,NA,NA,NA,NA,NA,NA,NA
332-0-0,14854.2056,0.9,NA,NA,NA,NA,NA,NA,NA,NA,NA,NA,NA,NA,NA,NA,NA,NA,NA
333-1-0,14867.2318,0.2,0,100.00,1,14867.2337,-0.0019,-0,13,9,2,1,1,0,0,0,100.00,A3S2G1F+LacN1,M5-A1G1
334-0-0,14875.2384,0.3,NA,NA,NA,NA,NA,NA,NA,NA,NA,NA,NA,NA,NA,NA,NA,NA,NA
335-0-0,14882.2037,0.1,NA,NA,NA,NA,NA,NA,NA,NA,NA,NA,NA,NA,NA,NA,NA,NA,NA
336-2-0,14891.2468,0.7,0,99.93,1,14891.2497,-0.0029,-0,10,8,4,2,0,1,0,0,99.93,A2S2F,A2S2F
336-2-1,14891.2468,0.7,1,0.07,1,14891.2497,-0.0029,-0,10,8,4,2,0,1,0,0,0.07,A3S3F,A1S1F
337-0-0,14901.1745,0.1,NA,NA,NA,NA,NA,NA,NA,NA,NA,NA,NA,NA,NA,NA,NA,NA,NA
338-1-0,14907.2217,0.1,0,99.93,1,14907.2446,-0.0229,-2,10,8,4,2,1,1,0,0,99.93,A2S2F,A2S2F
338-1-1,14907.2217,0.1,1,0.07,1,14907.2446,-0.0229,-2,10,8,4,2,1,1,0,0,0.07,A3S3F,A1S1F
339-2-0,14909.2216,0.1,0,48.99,1,14909.2603,-0.0387,-3,12,10,2,1,1,1,0,0,48.99,A3S1G2F,A3S1G2
339-2-1,14909.2216,0.1,1,39.28,1,14909.2603,-0.0387,-3,12,10,2,1,1,1,0,0,39.28,A3S2G1F+LacN1,A2G2
339-2-2,14909.2216,0.1,2,11.73,2,14909.2603,-0.0387,-3,12,10,2,1,1,1,0,0,7.18,A3S2G1F,A3G3
340-0-0,14918.2001,0.2,NA,NA,NA,NA,NA,NA,NA,NA,NA,NA,NA,NA,NA,NA,NA,NA,NA
341-0-0,14920.2336,0.2,NA,NA,NA,NA,NA,NA,NA,NA,NA,NA,NA,NA,NA,NA,NA,NA,NA
342-0-0,14928.2215,0.1,NA,NA,NA,NA,NA,NA,NA,NA,NA,NA,NA,NA,NA,NA,NA,NA,NA
343-0-0,14931.2308,0.2,NA,NA,NA,NA,NA,NA,NA,NA,NA,NA,NA,NA,NA,NA,NA,NA,NA
344-0-0,14936.2613,0.1,NA,NA,NA,NA,NA,NA,NA,NA,NA,NA,NA,NA,NA,NA,NA,NA,NA
345-2-0,14940.1995,0.0,0,100.00,1,14940.2548,-0.0553,-4,13,8,3,1,0,1,0,0,100.00,A3S3F+LacN1,M6
346-3-0,14947.1902,0.3,0,100.00,2,14947.2712,-0.0810,-5,10,9,4,1,0,0,0,0,85.31,A2S1G0,A3S3F
347-0-0,14950.2799,0.1,NA,NA,NA,NA,NA,NA,NA,NA,NA,NA,NA,NA,NA,NA,NA,NA,NA
348-0-0,14960.2374,0.0,NA,NA,NA,NA,NA,NA,NA,NA,NA,NA,NA,NA,NA,NA,NA,NA,NA
349-2-0,14963.2702,18.2,0,50.85,2,14963.2661,0.0041,0,11,9,4,0,0,0,0,0,48.94,A2S1G1,A3S3
349-2-1,14963.2702,18.2,1,49.03,2,14963.2661,0.0041,0,11,9,4,0,0,0,0,0,35.60,A2S2,A3S2G1
349-2-2,14963.2702,18.2,2,0.07,1,14963.2661,0.0041,0,11,9,4,0,0,0,0,0,0.07,A1G1,A4S4
349-1-0,14963.2702,18.2,3,0.04,2,14963.2661,0.0041,0,10,9,4,1,1,0,0,0,0.04,A2S1G0,A3S3F
350-1-0,14972.2594,0.2,0,100.00,1,14972.2447,0.0148,1,13,8,3,1,2,1,0,0,100.00,A3S3F+LacN1,M6
351-0-0,14977.2911,0.1,NA,NA,NA,NA,NA,NA,NA,NA,NA,NA,NA,NA,NA,NA,NA,NA,NA
352-7-0,14980.2907,2.9,0,50.79,2,14980.2610,0.0297,2,11,9,4,0,1,1,0,0,48.88,A2S1G1,A3S3
352-7-1,14980.2907,2.9,1,48.97,2,14980.2610,0.0297,2,11,9,4,0,1,1,0,0,35.55,A2S2,A3S2G1
352-7-2,14980.2907,2.9,2,0.07,1,14980.2610,0.0297,2,11,9,4,0,1,1,0,0,0.07,A1G1,A4S4
352-3-0,14980.2907,2.9,3,0.06,2,14980.2814,0.0093,1,11,9,3,2,1,0,0,0,0.05,A2G2F,A3S3F
352-3-1,14980.2907,2.9,4,0.05,2,14980.2814,0.0093,1,11,9,3,2,1,0,0,0,0.03,A2S1G1F,A3S2G1F
352-6-0,14980.2907,2.9,5,0.04,2,14980.2610,0.0297,2,10,9,4,1,2,1,0,0,0.04,A2S1G0,A3S3F
352-3-2,14980.2907,2.9,6,0.03,1,14980.2814,0.0093,1,11,9,3,2,1,0,0,0,0.03,A3S1G2F,A2S2F
352-3-3,14980.2907,2.9,7,0.00,1,14980.2814,0.0093,1,11,9,3,2,1,0,0,0,0.00,A3S2G1F+LacN1,A1S1F
353-0-0,14982.2745,1.0,NA,NA,NA,NA,NA,NA,NA,NA,NA,NA,NA,NA,NA,NA,NA,NA,NA
354-0-0,14986.2441,0.0,NA,NA,NA,NA,NA,NA,NA,NA,NA,NA,NA,NA,NA,NA,NA,NA,NA
355-0-0,14987.2375,0.4,NA,NA,NA,NA,NA,NA,NA,NA,NA,NA,NA,NA,NA,NA,NA,NA,NA
356-2-0,14995.2698,0.3,0,50.88,2,14995.2559,0.0139,1,11,9,4,0,2,0,0,0,48.97,A2S1G1,A3S3
356-2-1,14995.2698,0.3,1,49.05,2,14995.2559,0.0139,1,11,9,4,0,2,0,0,0,35.61,A2S2,A3S2G1
356-2-2,14995.2698,0.3,2,0.07,1,14995.2559,0.0139,1,11,9,4,0,2,0,0,0,0.07,A1G1,A4S4
357-3-0,14996.2671,0.1,0,50.81,2,14996.2559,0.0112,1,11,9,4,0,2,1,0,0,48.90,A2S1G1,A3S3
357-3-1,14996.2671,0.1,1,48.99,2,14996.2559,0.0112,1,11,9,4,0,2,1,0,0,35.57,A2S2,A3S2G1
357-3-2,14996.2671,0.1,2,0.07,1,14996.2559,0.0112,1,11,9,4,0,2,1,0,0,0.07,A1G1,A4S4
357-1-0,14996.2671,0.1,3,0.06,2,14996.2763,-0.0092,-1,11,9,3,2,2,0,0,0,0.05,A2G2F,A3S3F
357-1-1,14996.2671,0.1,4,0.05,2,14996.2763,-0.0092,-1,11,9,3,2,2,0,0,0,0.03,A2S1G1F,A3S2G1F
357-1-2,14996.2671,0.1,5,0.03,1,14996.2763,-0.0092,-1,11,9,3,2,2,0,0,0,0.03,A3S1G2F,A2S2F
357-1-3,14996.2671,0.1,6,0.00,1,14996.2763,-0.0092,-1,11,9,3,2,2,0,0,0,0.00,A3S2G1F+LacN1,A1S1F
358-3-0,14996.2672,0.7,0,50.81,2,14996.2559,0.0113,1,11,9,4,0,2,1,0,0,48.90,A2S1G1,A3S3
358-3-1,14996.2672,0.7,1,48.99,2,14996.2559,0.0113,1,11,9,4,0,2,1,0,0,35.57,A2S2,A3S2G1
358-3-2,14996.2672,0.7,2,0.07,1,14996.2559,0.0113,1,11,9,4,0,2,1,0,0,0.07,A1G1,A4S4
358-1-0,14996.2672,0.7,3,0.06,2,14996.2763,-0.0091,-1,11,9,3,2,2,0,0,0,0.05,A2G2F,A3S3F
358-1-1,14996.2672,0.7,4,0.05,2,14996.2763,-0.0091,-1,11,9,3,2,2,0,0,0,0.03,A2S1G1F,A3S2G1F
358-1-2,14996.2672,0.7,5,0.03,1,14996.2763,-0.0091,-1,11,9,3,2,2,0,0,0,0.03,A3S1G2F,A2S2F
358-1-3,14996.2672,0.7,6,0.00,1,14996.2763,-0.0091,-1,11,9,3,2,2,0,0,0,0.00,A3S2G1F+LacN1,A1S1F
359-0-0,15004.2555,0.4,NA,NA,NA,NA,NA,NA,NA,NA,NA,NA,NA,NA,NA,NA,NA,NA,NA
360-0-0,15005.2797,1.1,NA,NA,NA,NA,NA,NA,NA,NA,NA,NA,NA,NA,NA,NA,NA,NA,NA
361-0-0,15016.2517,0.2,NA,NA,NA,NA,NA,NA,NA,NA,NA,NA,NA,NA,NA,NA,NA,NA,NA
362-0-0,15017.2195,0.3,NA,NA,NA,NA,NA,NA,NA,NA,NA,NA,NA,NA,NA,NA,NA,NA,NA
363-0-0,15018.2707,0.2,NA,NA,NA,NA,NA,NA,NA,NA,NA,NA,NA,NA,NA,NA,NA,NA,NA
364-0-0,15027.2276,0.3,NA,NA,NA,NA,NA,NA,NA,NA,NA,NA,NA,NA,NA,NA,NA,NA,NA
365-3-0,15037.2655,1.3,0,74.53,2,15037.3029,-0.0374,-2,12,10,3,0,0,0,0,0,51.45,A3S1G2,A3S2G1
365-3-1,15037.2655,1.3,1,24.86,2,15037.3029,-0.0374,-2,12,10,3,0,0,0,0,0,24.17,A3G3,A3S3
365-2-0,15037.2655,1.3,2,0.37,1,15037.3029,-0.0374,-2,11,10,3,1,1,0,0,0,0.37,A3S2G1F+LacN1,A2S1G0
365-2-1,15037.2655,1.3,3,0.24,1,15037.3029,-0.0374,-2,11,10,3,1,1,0,0,0,0.24,A3S3F+LacN1,A2G1
366-2-0,15038.2501,0.3,0,74.48,2,15038.3029,-0.0528,-4,12,10,3,0,0,1,0,0,51.42,A3S1G2,A3S2G1
366-2-1,15038.2501,0.3,1,24.84,2,15038.3029,-0.0528,-4,12,10,3,0,0,1,0,0,24.15,A3G3,A3S3
366-1-0,15038.2501,0.3,2,0.37,1,15038.3029,-0.0528,-4,11,10,3,1,1,1,0,0,0.37,A3S2G1F+LacN1,A2S1G0
366-1-1,15038.2501,0.3,3,0.24,1,15038.3029,-0.0528,-4,11,10,3,1,1,1,0,0,0.24,A3S3F+LacN1,A2G1
366-3-0,15038.2501,0.3,4,0.06,1,15038.3233,-0.0732,-5,12,10,2,2,0,0,0,0,0.06,A3S2G1F+LacN1,A2G2F
367-0-0,15047.2626,0.3,NA,NA,NA,NA,NA,NA,NA,NA,NA,NA,NA,NA,NA,NA,NA,NA,NA
368-0-0,15049.2670,0.2,NA,NA,NA,NA,NA,NA,NA,NA,NA,NA,NA,NA,NA,NA,NA,NA,NA
369-0-0,15053.2462,0.0,0,74.53,2,15053.2978,-0.0515,-3,12,10,3,0,1,0,0,0,51.45,A3S1G2,A3S2G1
369-0-1,15053.2462,0.0,1,24.86,2,15053.2978,-0.0515,-3,12,10,3,0,1,0,0,0,24.17,A3G3,A3S3
369-1-0,15053.2462,0.0,2,0.37,1,15053.2978,-0.0515,-3,11,10,3,1,2,0,0,0,0.37,A3S2G1F+LacN1,A2S1G0
369-1-1,15053.2462,0.0,3,0.24,1,15053.2978,-0.0515,-3,11,10,3,1,2,0,0,0,0.24,A3S3F+LacN1,A2G1
370-0-0,15060.2685,0.2,NA,NA,NA,NA,NA,NA,NA,NA,NA,NA,NA,NA,NA,NA,NA,NA,NA
371-0-0,15061.2778,0.3,NA,NA,NA,NA,NA,NA,NA,NA,NA,NA,NA,NA,NA,NA,NA,NA,NA
372-3-0,15068.2366,0.1,0,100.00,2,15068.2974,-0.0609,-4,12,8,4,1,0,0,0,0,94.11,M5-A1S1,A3S3F
373-0-0,15069.2457,0.0,0,73.50,2,15069.2927,-0.0470,-3,12,10,3,0,2,0,0,0,50.73,A3S1G2,A3S2G1
373-0-1,15069.2457,0.0,1,24.52,2,15069.2927,-0.0470,-3,12,10,3,0,2,0,0,0,23.83,A3G3,A3S3
373-2-0,15069.2457,0.0,2,1.99,2,15069.2974,-0.0518,-3,12,8,4,1,0,1,0,0,1.87,M5-A1S1,A3S3F
374-0-0,15076.2977,0.2,NA,NA,NA,NA,NA,NA,NA,NA,NA,NA,NA,NA,NA,NA,NA,NA,NA
375-0-0,15077.2717,0.1,NA,NA,NA,NA,NA,NA,NA,NA,NA,NA,NA,NA,NA,NA,NA,NA,NA
376-1-0,15085.2933,0.3,0,90.61,2,15085.2924,0.0010,0,12,8,4,1,1,1,0,0,85.27,M5-A1S1,A3S3F
376-2-0,15085.2933,0.3,1,9.39,1,15085.2924,0.0010,0,13,8,4,0,0,1,0,0,9.39,M6,A4S4
377-0-0,15088.2446,0.1,NA,NA,NA,NA,NA,NA,NA,NA,NA,NA,NA,NA,NA,NA,NA,NA,NA
378-0-0,15092.2580,0.0,NA,NA,NA,NA,NA,NA,NA,NA,NA,NA,NA,NA,NA,NA,NA,NA,NA
379-0-0,15098.2523,0.1,NA,NA,NA,NA,NA,NA,NA,NA,NA,NA,NA,NA,NA,NA,NA,NA,NA
380-0-0,15099.3011,0.1,NA,NA,NA,NA,NA,NA,NA,NA,NA,NA,NA,NA,NA,NA,NA,NA,NA
381-3-0,15109.3061,0.5,0,28.95,2,15109.3240,-0.0179,-1,11,9,4,1,0,0,0,0,23.45,A3S2G1F,A2S2
381-3-1,15109.3061,0.5,1,25.51,2,15109.3240,-0.0179,-1,11,9,4,1,0,0,0,0,25.27,A2S1G1F,A3S3
381-3-2,15109.3061,0.5,2,24.00,2,15109.3240,-0.0179,-1,11,9,4,1,0,0,0,0,19.76,A2S1G1,A3S3F
381-3-3,15109.3061,0.5,3,21.45,2,15109.3240,-0.0179,-1,11,9,4,1,0,0,0,0,19.33,A2S2F,A3S2G1
381-3-4,15109.3061,0.5,4,0.10,1,15109.3240,-0.0179,-1,11,9,4,1,0,0,0,0,0.10,A3S3F+LacN1,A1S1
382-2-0,15125.3046,0.2,0,28.95,2,15125.3189,-0.0143,-1,11,9,4,1,1,0,0,0,23.45,A3S2G1F,A2S2
382-2-1,15125.3046,0.2,1,25.51,2,15125.3189,-0.0143,-1,11,9,4,1,1,0,0,0,25.27,A2S1G1F,A3S3
382-2-2,15125.3046,0.2,2,24.00,2,15125.3189,-0.0143,-1,11,9,4,1,1,0,0,0,19.76,A2S1G1,A3S3F
382-2-3,15125.3046,0.2,3,21.45,2,15125.3189,-0.0143,-1,11,9,4,1,1,0,0,0,19.33,A2S2F,A3S2G1
382-2-4,15125.3046,0.2,4,0.10,1,15125.3189,-0.0143,-1,11,9,4,1,1,0,0,0,0.10,A3S3F+LacN1,A1S1
383-0-0,15130.3240,0.0,NA,NA,NA,NA,NA,NA,NA,NA,NA,NA,NA,NA,NA,NA,NA,NA,NA
384-0-0,15145.2863,0.7,NA,NA,NA,NA,NA,NA,NA,NA,NA,NA,NA,NA,NA,NA,NA,NA,NA
385-0-0,15157.2998,0.1,NA,NA,NA,NA,NA,NA,NA,NA,NA,NA,NA,NA,NA,NA,NA,NA,NA
386-3-0,15166.2722,0.2,0,100.00,1,15166.3455,-0.0732,-5,11,10,4,0,0,0,0,0,100.00,A2G1,A4S4
387-0-0,15176.3167,0.0,NA,NA,NA,NA,NA,NA,NA,NA,NA,NA,NA,NA,NA,NA,NA,NA,NA
388-2-0,15184.3407,0.1,0,51.87,1,15184.3608,-0.0200,-1,12,10,3,1,0,1,0,0,51.87,A3S2G1F+LacN1,A2S1G1
388-2-1,15184.3407,0.1,1,28.70,1,15184.3608,-0.0200,-1,12,10,3,1,0,1,0,0,28.70,A3S1G2F,A3S2G1
388-2-2,15184.3407,0.1,2,10.31,2,15184.3608,-0.0200,-1,12,10,3,1,0,1,0,0,8.61,A3S2G1F,A3S1G2
388-2-3,15184.3407,0.1,3,6.71,1,15184.3608,-0.0200,-1,12,10,3,1,0,1,0,0,6.71,A3S3F+LacN1,A2G2
388-2-4,15184.3407,0.1,4,2.41,2,15184.3608,-0.0200,-1,12,10,3,1,0,1,0,0,2.08,A3G3,A3S3F
389-0-0,15203.3613,0.0,NA,NA,NA,NA,NA,NA,NA,NA,NA,NA,NA,NA,NA,NA,NA,NA,NA
390-0-0,15218.4013,0.0,NA,NA,NA,NA,NA,NA,NA,NA,NA,NA,NA,NA,NA,NA,NA,NA,NA
391-0-0,15239.3388,0.0,NA,NA,NA,NA,NA,NA,NA,NA,NA,NA,NA,NA,NA,NA,NA,NA,NA
392-4-0,15254.4349,3.5,0,99.80,2,15254.3615,0.0734,5,11,9,5,0,0,0,0,0,92.62,A2S2,A3S3
392-4-1,15254.4349,3.5,1,0.20,1,15254.3615,0.0734,5,11,9,5,0,0,0,0,0,0.20,A1S1,A4S4
393-1-0,15272.3983,0.6,0,61.57,2,15272.3768,0.0215,1,11,9,4,2,1,1,0,0,58.52,A2S1G1F,A3S3F
393-1-1,15272.3983,0.6,1,38.31,2,15272.3768,0.0215,1,11,9,4,2,1,1,0,0,21.19,A3S2G1F,A2S2F
393-1-2,15272.3983,0.6,2,0.12,1,15272.3768,0.0215,1,11,9,4,2,1,1,0,0,0.12,A3S3F+LacN1,A1S1F
394-1-0,15272.4478,0.1,0,61.57,2,15272.3768,0.0710,5,11,9,4,2,1,1,0,0,58.52,A2S1G1F,A3S3F
394-1-1,15272.4478,0.1,1,38.31,2,15272.3768,0.0710,5,11,9,4,2,1,1,0,0,21.19,A3S2G1F,A2S2F
394-1-2,15272.4478,0.1,2,0.12,1,15272.3768,0.0710,5,11,9,4,2,1,1,0,0,0.12,A3S3F+LacN1,A1S1F
395-1-0,15273.4027,0.2,0,100.00,1,15273.3925,0.0102,1,13,11,2,1,1,0,0,0,100.00,A3S2G1F+LacN1,A3G3
396-0-0,15280.3533,0.1,NA,NA,NA,NA,NA,NA,NA,NA,NA,NA,NA,NA,NA,NA,NA,NA,NA
397-0-0,15281.3528,0.1,NA,NA,NA,NA,NA,NA,NA,NA,NA,NA,NA,NA,NA,NA,NA,NA,NA
398-0-0,15285.3583,0.1,NA,NA,NA,NA,NA,NA,NA,NA,NA,NA,NA,NA,NA,NA,NA,NA,NA
399-2-0,15288.3627,0.0,0,48.01,2,15288.3717,-0.0090,-1,11,9,4,2,2,1,0,0,45.63,A2S1G1F,A3S3F
399-2-1,15288.3627,0.0,1,29.88,2,15288.3717,-0.0090,-1,11,9,4,2,2,1,0,0,16.53,A3S2G1F,A2S2F
399-1-0,15288.3627,0.0,2,22.02,1,15288.3717,-0.0090,-1,13,9,4,0,0,1,0,0,22.02,M5-A1G1,A4S4
399-2-2,15288.3627,0.0,3,0.09,1,15288.3717,-0.0090,-1,11,9,4,2,2,1,0,0,0.09,A3S3F+LacN1,A1S1F
400-0-0,15293.4043,0.3,NA,NA,NA,NA,NA,NA,NA,NA,NA,NA,NA,NA,NA,NA,NA,NA,NA
401-0-0,15294.3708,0.2,NA,NA,NA,NA,NA,NA,NA,NA,NA,NA,NA,NA,NA,NA,NA,NA,NA
402-0-0,15305.3557,0.1,NA,NA,NA,NA,NA,NA,NA,NA,NA,NA,NA,NA,NA,NA,NA,NA,NA
403-0-0,15306.3188,0.1,NA,NA,NA,NA,NA,NA,NA,NA,NA,NA,NA,NA,NA,NA,NA,NA,NA
404-0-0,15315.3364,0.1,NA,NA,NA,NA,NA,NA,NA,NA,NA,NA,NA,NA,NA,NA,NA,NA,NA
405-3-0,15328.3686,1.7,0,46.26,1,15328.3983,-0.0297,-2,12,10,4,0,0,0,0,0,46.26,A3S2G1,A3S2G1
405-3-1,15328.3686,1.7,1,33.62,2,15328.3983,-0.0297,-2,12,10,4,0,0,0,0,0,30.78,A3S1G2,A3S3
405-3-2,15328.3686,1.7,2,19.90,1,15328.3983,-0.0297,-2,12,10,4,0,0,0,0,0,19.90,A2G2,A4S4
405-2-0,15328.3686,1.7,3,0.22,1,15328.3983,-0.0297,-2,11,10,4,1,1,0,0,0,0.22,A3S3F+LacN1,A2S1G0
406-0-0,15341.4287,0.1,NA,NA,NA,NA,NA,NA,NA,NA,NA,NA,NA,NA,NA,NA,NA,NA,NA
407-1-0,15346.4103,0.1,0,51.78,1,15346.4136,-0.0033,-0,12,10,3,2,1,1,0,0,51.78,A3S2G1F+LacN1,A2S1G1F
407-1-1,15346.4103,0.1,1,35.21,1,15346.4136,-0.0033,-0,12,10,3,2,1,1,0,0,35.21,A3S1G2F,A3S2G1F
407-1-2,15346.4103,0.1,2,13.02,1,15346.4136,-0.0033,-0,12,10,3,2,1,1,0,0,13.02,A3S3F+LacN1,A2G2F
408-0-0,15347.3878,0.1,NA,NA,NA,NA,NA,NA,NA,NA,NA,NA,NA,NA,NA,NA,NA,NA,NA
409-0-0,15354.3577,0.1,NA,NA,NA,NA,NA,NA,NA,NA,NA,NA,NA,NA,NA,NA,NA,NA,NA
410-0-0,15364.3523,0.0,NA,NA,NA,NA,NA,NA,NA,NA,NA,NA,NA,NA,NA,NA,NA,NA,NA
411-0-0,15367.3724,0.1,NA,NA,NA,NA,NA,NA,NA,NA,NA,NA,NA,NA,NA,NA,NA,NA,NA
412-0-0,15386.4392,0.0,NA,NA,NA,NA,NA,NA,NA,NA,NA,NA,NA,NA,NA,NA,NA,NA,NA
413-1-0,15619.2519,0.8,0,63.55,2,15619.4937,-0.2418,-15,12,10,5,0,0,0,0,0,52.72,A3S2G1,A3S3
413-1-1,15619.2519,0.8,1,36.45,1,15619.4937,-0.2418,-15,12,10,5,0,0,0,0,0,36.45,A2S1G1,A4S4
414-0-0,15639.5183,0.0,NA,NA,NA,NA,NA,NA,NA,NA,NA,NA,NA,NA,NA,NA,NA,NA,NA
415-0-0,20486.4325,0.1,NA,NA,NA,NA,NA,NA,NA,NA,NA,NA,NA,NA,NA,NA,NA,NA,NA
416-0-0,20849.5768,0.0,NA,NA,NA,NA,NA,NA,NA,NA,NA,NA,NA,NA,NA,NA,NA,NA,NA
417-0-0,22106.9464,0.1,NA,NA,NA,NA,NA,NA,NA,NA,NA,NA,NA,NA,NA,NA,NA,NA,NA
418-0-0,28615.0699,0.0,NA,NA,NA,NA,NA,NA,NA,NA,NA,NA,NA,NA,NA,NA,NA,NA,NA
