protein,sequence,glycan,240920_OVI_BA59433_PEP_PROT GndHCl IAA_1_5_15_15,240920_OVI_BA59433_PEP_PROT GndHCl IAA_1_5_16_16,240920_OVI_BA59433_PEP_PROT GndHCl IAA_1_5_17_17
sp|P01215|CGA 25-116,APDVQDCPECTLQENPFFSQPGAPILQCMGCCFSR,,64700000,43500000,19000000
,AYPTPLR,,31500000000,28400000000,27800000000
,KTMLVQK,,1510000000,1370000000,1290000000
,NVTSESTCCVAK,,393000000,361000000,337000000
,SYNR,,8640000000,7150000000,7620000000
,TMLVQK,,4910000000,4830000000,4240000000
,VENHTACHCSTCYYHK,,34200000,30800000,28800000
,VTVMGGFK,,16700000000,15000000000,13600000000
tr|A0A0F7RQP8|CGB3 21-165,APPPSLPSPSR,,12400000,12300000,12500000
,,HexNac(1)Hex(1),4630000,4250000,3560000
,,"HexNac(1)Hex(1),HexNac(1)Hex(1)NeuAc(1)",6670000,7410000,5900000
,,"HexNac(1)Hex(1),HexNac(1)Hex(1)NeuAc(2)",190000000,201000000,155000000
,,HexNac(1)Hex(1)NeuAc(1),52700000,47400000,44400000
,,"HexNac(1)Hex(1)NeuAc(1),HexNac(1)Hex(1)NeuAc(1)",,241000000,71100000
,,"HexNac(1)Hex(1)NeuAc(1),HexNac(1)Hex(1)NeuAc(2)",76300000,65100000,82400000
,,HexNac(1)Hex(1)NeuAc(2),38600000,34500000,31500000
,CRPINATLAVEK,,1950000000,1430000000,1070000000
,DHPLTCDDPR,,19500000000,18000000000,16900000000
,EGCPVCITVNTTICAGYCPTMTR,,46100000,33500000,11400000
,EPLR,,11300000,,9620000
,EPLRPR,,131000000,111000000,106000000
,FESIR,,8520000000,8610000000,7380000000
,FQDSSSSK,,163000000,128000000,137000000
,,HexNac(1)Hex(1),6690000,4690000,5100000
,,"HexNac(1)Hex(1),HexNac(1)Hex(1)",3140000,2750000,2500000
,,"HexNac(1)Hex(1),HexNac(1)Hex(1)NeuAc(1)",32000000,37000000,22600000
,,"HexNac(1)Hex(1),HexNac(1)Hex(1)NeuAc(2)",259000000,309000000,249000000
,,HexNac(1)Hex(1)NeuAc(1),764000000,763000000,656000000
,,"HexNac(1)Hex(1)NeuAc(1),HexNac(1)Hex(1)NeuAc(1)",198000000,152000000,278000000
,,"HexNac(1)Hex(1)NeuAc(1),HexNac(1)Hex(1)NeuAc(2)",3320000,4320000,4150000
,,HexNac(1)Hex(1)NeuAc(2),21500000,18800000,18500000
,FQDSSSSKAPPPSLPSPSR,"HexNac(1)Hex(1),HexNac(1)Hex(1)NeuAc(2)",11400000,9950000,8250000
,,"HexNac(1)Hex(1)NeuAc(1),HexNac(1)Hex(1)NeuAc(2)",40800000,37800000,33500000
,GVNPVVSYAVALSCQCALCR,,333000000,236000000,111000000
,GVNPVVSYAVALSCQCALCRR,,8920000,7210000,4850000
,KEPLRPR,,1240000000,1040000000,1000000000
,LPGCPR,,3420000000,3260000000,2830000000
,LPGPSDTPILP,HexNac(1)Hex(1),3460000,2420000,2290000
,,HexNac(1)Hex(1)NeuAc(1),55600000,49600000,46000000
,,HexNac(1)Hex(1)NeuAc(2),13500000,13500000,10300000
,LPGPSDTPILPQ,,10800000,8820000,8330000
,,HexNac(1)Hex(1),16800000,14800000,13400000
,,"HexNac(1)Hex(1),HexNac(1)Hex(1)NeuAc(2)",3670000,3260000,3060000
,,HexNac(1)Hex(1)NeuAc(1),203000000,184000000,167000000
,,"HexNac(1)Hex(1)NeuAc(1),HexNac(1)Hex(1)NeuAc(1)",3260000,2850000,2850000
,,"HexNac(1)Hex(1)NeuAc(1),HexNac(1)Hex(1)NeuAc(2)",53200000,52100000,49100000
,,HexNac(1)Hex(1)NeuAc(2),118000000,105000000,98400000
,PINATLAVEK,,120000000,93800000,139000000
,RSTTDCGGPK,,1540000000,1280000000,1250000000
,SKEPLRPR,,5200000000,4580000000,4470000000
,STTDCGGPK,,12500000000,10400000000,10600000000
,STTDCGGPKDHPLTCDDPR,,52700000,47500000,44300000
,VLQGVLPALPQVVCNYR,,12800000000,5970000000,4050000000
